Workbook

Sheet Summary
R1: Receiving | AY1: Secondary
M2: Opening | R2: 1 | S2: 2 | T2: 3 | U2: 4 | V2: 5 | W2: 6 | X2: 7 | Y2: 8 | Z2: 9 | AA2: 10 | AB2: 11 | AC2: 12 | AD2: 13 | AE2: 14 | AF2: 15 | AG2: 16 | AH2: 17 | AI2: 18 | AJ2: 19 | AK2: 20 | AL2: 21 | AM2: 22 | AN2: 23 | AO2: 24 | AP2: 25 | AQ2: 26 | AR2: 27 | AS2: 28 | AT2: 29 | AU2: 30 | AV2: 31 | AW2: Total | AY2: 1 | AZ2: 2 | BA2: 3 | BB2: 4 | BC2: 5 | BD2: 6 | BE2: 7 | BF2: 8 | BG2: 9 | BH2: 10 | BI2: 11 | BJ2: 12 | BK2: 13 | BL2: 14 | BM2: 15 | BN2: 16 | BO2: 17 | BP2: 18 | BQ2: 19 | BR2: 20 | BS2: 21 | BT2: 22 | BU2: 23 | BV2: 24 | BW2: 25 | BX2: 26 | BY2: 27 | BZ2: 28 | CA2: 29 | CB2: 30 | CC2: 31 | CD2: Total | CF2: Opening | CG2: Total Primary | CH2: Total | CI2: Total Secondary | CJ2: Closing
B3: Code | C3: Description | D3: Pack Size | E3: Pack Size | F3: List Price | H3: CTN | I3: BOX | J3: PCS | K3: Damage | M3: CTN | N3: CTN | O3: Total Box | P3: Amount | R3: CTN | S3: CTN | T3: CTN | U3: CTN | V3: CTN | W3: CTN | X3: CTN | Y3: CTN | Z3: CTN | AA3: CTN | AB3: CTN | AC3: CTN | AD3: CTN | AE3: CTN | AF3: CTN | AG3: CTN | AH3: CTN | AI3: CTN | AJ3: CTN | AK3: CTN | AL3: CTN | AM3: CTN | AN3: CTN | AO3: CTN | AP3: CTN | AQ3: CTN | AR3: CTN | AS3: CTN | AT3: CTN | AU3: CTN | AV3: CTN | AW3: CTN | AY3: CTN | AZ3: CTN | BA3: CTN | BB3: CTN | BC3: CTN | BD3: CTN | BE3: CTN | BF3: CTN | BG3: CTN | BH3: CTN | BI3: CTN | BJ3: CTN | BK3: CTN | BL3: CTN | BM3: CTN | BN3: CTN | BO3: CTN | BP3: CTN | BQ3: CTN | BR3: CTN | BS3: CTN | BT3: CTN | BU3: CTN | BV3: CTN | BW3: CTN | BX3: CTN | BY3: CTN | BZ3: CTN | CA3: CTN | CB3: CTN | CC3: CTN | CD3: CTN | CF3: CTN | CG3: CTN | CH3: CTN | CI3: CTN | CJ3: CTN | CK3: BOX
B4: 101003 | C4: JELLY ABC 48 BAGS (party pack) | D4: 1 | E4: 48 | F4: 39.437248 | H4: 31 | L4: =I4/E4 -> 0 | M4: =I4/E4 -> 0 | N4: =M4+H4 -> 31 | O4: =N4*E4 -> 1488 | P4: =O4*F4 -> 58682.625 | AW4: =SUM(R4:AV4) -> 0 | AY4: =Asghar!J4+shahzad!J4+Fahad!J4+Asif!J4+sumair!J4 -> 0 | AZ4: =Asghar!N4+shahzad!N4+Fahad!N4+Asif!N4+sumair!N4 -> 0 | BA4: =Asghar!R4+shahzad!R4+Fahad!R4+Asif!R4+sumair!R4 -> 0 | BB4: =Asghar!V4+shahzad!V4+Fahad!V4+Asif!V4+sumair!V4 -> 0 | BC4: =Asghar!Z4+shahzad!Z4+Fahad!Z4+Asif!Z4+sumair!Z4 -> 0 | BD4: =Asghar!AD4+shahzad!AD4+Fahad!AD4+Asif!AD4+sumair!AD4 -> 0 | BE4: =Asghar!AH4+shahzad!AH4+Fahad!AH4+Asif!AH4+sumair!AH4 -> 0 | BF4: =Asghar!AL4+shahzad!AL4+Fahad!AL4+Asif!AL4+sumair!AL4 -> 0 | BG4: =Asghar!AP4+shahzad!AP4+Fahad!AP4+Asif!AP4+sumair!AP4 -> 0 | BH4: =Asghar!AT4+shahzad!AT4+Fahad!AT4+Asif!AT4+sumair!AT4 -> 0 | BI4: =Asghar!AX4+shahzad!AX4+Fahad!AX4+Asif!AX4+sumair!AX4 -> 0 | BJ4: =Asghar!BB4+shahzad!BB4+Fahad!BB4+Asif!BB4+sumair!BB4 -> 0 | BK4: =Asghar!BF4+shahzad!BF4+Fahad!BF4+Asif!BF4+sumair!BF4 -> 0 | BL4: =Asghar!BJ4+shahzad!BJ4+Fahad!BJ4+Asif!BJ4+sumair!BJ4 -> 0 | BM4: =Asghar!BN4+shahzad!BN4+Fahad!BN4+Asif!BN4+sumair!BN4 -> 0 | BN4: =Asghar!BR4+shahzad!BR4+Fahad!BR4+Asif!BR4+sumair!BR4 -> 0 | BO4: =Asghar!BV4+shahzad!BV4+Fahad!BV4+Asif!BV4+sumair!BV4 -> 0 | BP4: =Asghar!BZ4+shahzad!BZ4+Fahad!BZ4+Asif!BZ4+sumair!BZ4 -> 0 | BQ4: =Asghar!CD4+shahzad!CD4+Fahad!CD4+Asif!CD4+sumair!CD4 -> 0 | BR4: =Asghar!CH4+shahzad!CH4+Fahad!CH4+Asif!CH4+sumair!CH4 -> 0 | BS4: =Asghar!CL4+shahzad!CL4+Fahad!CL4+Asif!CL4+sumair!CL4 -> 0 | BT4: =Asghar!CP4+shahzad!CP4+Fahad!CP4+Asif!CP4+sumair!CP4 -> 0 | BU4: =Asghar!CT4+shahzad!CT4+Fahad!CT4+Asif!CT4+sumair!CT4 -> 0 | BV4: =Asghar!CX4+shahzad!CX4+Fahad!CX4+Asif!CX4+sumair!CX4 -> 0 | BW4: =Asghar!DB4+shahzad!DB4+Fahad!DB4+Asif!DB4+sumair!DB4 -> 0 | BX4: =Asghar!DF4+shahzad!DF4+Fahad!DF4+Asif!DF4+sumair!DF4 -> 0 | BY4: =Asghar!DJ4+shahzad!DJ4+Fahad!DJ4+Asif!DJ4+sumair!DJ4 -> 0 | BZ4: =Asghar!DN4+shahzad!DN4+Fahad!DN4+Asif!DN4+sumair!DN4 -> 0 | CA4: =Asghar!DR4+shahzad!DR4+Fahad!DR4+Asif!DR4+sumair!DR4 -> 0 | CB4: =Asghar!DV4+shahzad!DV4+Fahad!DV4+Asif!DV4+sumair!DV4 -> 0 | CC4: =Asghar!DZ4+shahzad!DZ4+Fahad!DZ4+Asif!DZ4+sumair!DZ4 -> 0 | CD4: =SUM(AY4:CC4) -> 0 | CF4: =N4 -> 31 | CG4: =AW4 -> 0 | CH4: =CG4+CF4 -> 31 | CI4: =CD4 -> 0 | CJ4: =CH4-CI4 -> 31
B5: 101017 | C5: AMROOD JELLY 48 BAGS RS 50 (PARTY PACK) | D5: 1 | E5: 48 | F5: 39.437248 | I5: 2 | L5: =I5/E5 -> 0.041666667 | M5: =I5/E5 -> 0.041666667 | N5: =M5+H5 -> 0.041666667 | O5: =N5*E5 -> 2 | P5: =O5*F5 -> 78.874496 | AW5: =SUM(R5:AV5) -> 0 | AY5: =Asghar!J5+shahzad!J5+Fahad!J5+Asif!J5+sumair!J5 -> 0 | AZ5: =Asghar!N5+shahzad!N5+Fahad!N5+Asif!N5+sumair!N5 -> 0 | BA5: =Asghar!R5+shahzad!R5+Fahad!R5+Asif!R5+sumair!R5 -> 0 | BB5: =Asghar!V5+shahzad!V5+Fahad!V5+Asif!V5+sumair!V5 -> 0 | BC5: =Asghar!Z5+shahzad!Z5+Fahad!Z5+Asif!Z5+sumair!Z5 -> 0 | BD5: =Asghar!AD5+shahzad!AD5+Fahad!AD5+Asif!AD5+sumair!AD5 -> 0 | BE5: =Asghar!AH5+shahzad!AH5+Fahad!AH5+Asif!AH5+sumair!AH5 -> 0 | BF5: =Asghar!AL5+shahzad!AL5+Fahad!AL5+Asif!AL5+sumair!AL5 -> 0 | BG5: =Asghar!AP5+shahzad!AP5+Fahad!AP5+Asif!AP5+sumair!AP5 -> 0 | BH5: =Asghar!AT5+shahzad!AT5+Fahad!AT5+Asif!AT5+sumair!AT5 -> 0 | BI5: =Asghar!AX5+shahzad!AX5+Fahad!AX5+Asif!AX5+sumair!AX5 -> 0 | BJ5: =Asghar!BB5+shahzad!BB5+Fahad!BB5+Asif!BB5+sumair!BB5 -> 0 | BK5: =Asghar!BF5+shahzad!BF5+Fahad!BF5+Asif!BF5+sumair!BF5 -> 0 | BL5: =Asghar!BJ5+shahzad!BJ5+Fahad!BJ5+Asif!BJ5+sumair!BJ5 -> 0 | BM5: =Asghar!BN5+shahzad!BN5+Fahad!BN5+Asif!BN5+sumair!BN5 -> 0 | BN5: =Asghar!BR5+shahzad!BR5+Fahad!BR5+Asif!BR5+sumair!BR5 -> 0 | BO5: =Asghar!BV5+shahzad!BV5+Fahad!BV5+Asif!BV5+sumair!BV5 -> 0 | BP5: =Asghar!BZ5+shahzad!BZ5+Fahad!BZ5+Asif!BZ5+sumair!BZ5 -> 0 | BQ5: =Asghar!CD5+shahzad!CD5+Fahad!CD5+Asif!CD5+sumair!CD5 -> 0 | BR5: =Asghar!CH5+shahzad!CH5+Fahad!CH5+Asif!CH5+sumair!CH5 -> 0 | BS5: =Asghar!CL5+shahzad!CL5+Fahad!CL5+Asif!CL5+sumair!CL5 -> 0 | BT5: =Asghar!CP5+shahzad!CP5+Fahad!CP5+Asif!CP5+sumair!CP5 -> 0 | BU5: =Asghar!CT5+shahzad!CT5+Fahad!CT5+Asif!CT5+sumair!CT5 -> 0 | BV5: =Asghar!CX5+shahzad!CX5+Fahad!CX5+Asif!CX5+sumair!CX5 -> 0 | BW5: =Asghar!DB5+shahzad!DB5+Fahad!DB5+Asif!DB5+sumair!DB5 -> 0 | BX5: =Asghar!DF5+shahzad!DF5+Fahad!DF5+Asif!DF5+sumair!DF5 -> 0 | BY5: =Asghar!DJ5+shahzad!DJ5+Fahad!DJ5+Asif!DJ5+sumair!DJ5 -> 0 | BZ5: =Asghar!DN5+shahzad!DN5+Fahad!DN5+Asif!DN5+sumair!DN5 -> 0 | CA5: =Asghar!DR5+shahzad!DR5+Fahad!DR5+Asif!DR5+sumair!DR5 -> 0 | CB5: =Asghar!DV5+shahzad!DV5+Fahad!DV5+Asif!DV5+sumair!DV5 -> 0 | CC5: =Asghar!DZ5+shahzad!DZ5+Fahad!DZ5+Asif!DZ5+sumair!DZ5 -> 0 | CD5: =SUM(AY5:CC5) -> 0 | CF5: =N5 -> 0.041666667 | CG5: =AW5 -> 0 | CH5: =CG5+CF5 -> 0.041666667 | CI5: =CD5 -> 0 | CJ5: =CH5-CI5 -> 0.041666667
B6: 101037 | C6: BOTTLE JELLY 48 BAGS RS 50 (PARTY PACK) | D6: 1 | E6: 48 | F6: 39.437248 | H6: 10 | I6: 41 | L6: =I6/E6 -> 0.85416667 | M6: =I6/E6 -> 0.85416667 | N6: =M6+H6 -> 10.854167 | O6: =N6*E6 -> 521 | P6: =O6*F6 -> 20546.806 | AW6: =SUM(R6:AV6) -> 0 | AY6: =Asghar!J6+shahzad!J6+Fahad!J6+Asif!J6+sumair!J6 -> 0 | AZ6: =Asghar!N6+shahzad!N6+Fahad!N6+Asif!N6+sumair!N6 -> 0 | BA6: =Asghar!R6+shahzad!R6+Fahad!R6+Asif!R6+sumair!R6 -> 0 | BB6: =Asghar!V6+shahzad!V6+Fahad!V6+Asif!V6+sumair!V6 -> 0 | BC6: =Asghar!Z6+shahzad!Z6+Fahad!Z6+Asif!Z6+sumair!Z6 -> 0 | BD6: =Asghar!AD6+shahzad!AD6+Fahad!AD6+Asif!AD6+sumair!AD6 -> 0 | BE6: =Asghar!AH6+shahzad!AH6+Fahad!AH6+Asif!AH6+sumair!AH6 -> 0 | BF6: =Asghar!AL6+shahzad!AL6+Fahad!AL6+Asif!AL6+sumair!AL6 -> 0 | BG6: =Asghar!AP6+shahzad!AP6+Fahad!AP6+Asif!AP6+sumair!AP6 -> 0 | BH6: =Asghar!AT6+shahzad!AT6+Fahad!AT6+Asif!AT6+sumair!AT6 -> 0 | BI6: =Asghar!AX6+shahzad!AX6+Fahad!AX6+Asif!AX6+sumair!AX6 -> 0 | BJ6: =Asghar!BB6+shahzad!BB6+Fahad!BB6+Asif!BB6+sumair!BB6 -> 0 | BK6: =Asghar!BF6+shahzad!BF6+Fahad!BF6+Asif!BF6+sumair!BF6 -> 0 | BL6: =Asghar!BJ6+shahzad!BJ6+Fahad!BJ6+Asif!BJ6+sumair!BJ6 -> 0 | BM6: =Asghar!BN6+shahzad!BN6+Fahad!BN6+Asif!BN6+sumair!BN6 -> 0 | BN6: =Asghar!BR6+shahzad!BR6+Fahad!BR6+Asif!BR6+sumair!BR6 -> 0 | BO6: =Asghar!BV6+shahzad!BV6+Fahad!BV6+Asif!BV6+sumair!BV6 -> 0 | BP6: =Asghar!BZ6+shahzad!BZ6+Fahad!BZ6+Asif!BZ6+sumair!BZ6 -> 0 | BQ6: =Asghar!CD6+shahzad!CD6+Fahad!CD6+Asif!CD6+sumair!CD6 -> 0 | BR6: =Asghar!CH6+shahzad!CH6+Fahad!CH6+Asif!CH6+sumair!CH6 -> 0 | BS6: =Asghar!CL6+shahzad!CL6+Fahad!CL6+Asif!CL6+sumair!CL6 -> 0 | BT6: =Asghar!CP6+shahzad!CP6+Fahad!CP6+Asif!CP6+sumair!CP6 -> 0 | BU6: =Asghar!CT6+shahzad!CT6+Fahad!CT6+Asif!CT6+sumair!CT6 -> 0 | BV6: =Asghar!CX6+shahzad!CX6+Fahad!CX6+Asif!CX6+sumair!CX6 -> 0 | BW6: =Asghar!DB6+shahzad!DB6+Fahad!DB6+Asif!DB6+sumair!DB6 -> 0 | BX6: =Asghar!DF6+shahzad!DF6+Fahad!DF6+Asif!DF6+sumair!DF6 -> 0 | BY6: =Asghar!DJ6+shahzad!DJ6+Fahad!DJ6+Asif!DJ6+sumair!DJ6 -> 0 | BZ6: =Asghar!DN6+shahzad!DN6+Fahad!DN6+Asif!DN6+sumair!DN6 -> 0 | CA6: =Asghar!DR6+shahzad!DR6+Fahad!DR6+Asif!DR6+sumair!DR6 -> 0 | CB6: =Asghar!DV6+shahzad!DV6+Fahad!DV6+Asif!DV6+sumair!DV6 -> 0 | CC6: =Asghar!DZ6+shahzad!DZ6+Fahad!DZ6+Asif!DZ6+sumair!DZ6 -> 0 | CD6: =SUM(AY6:CC6) -> 0 | CF6: =N6 -> 10.854167 | CG6: =AW6 -> 0 | CH6: =CG6+CF6 -> 10.854167 | CI6: =CD6 -> 0 | CJ6: =CH6-CI6 -> 10.854167
B7: 101045 | C7: SWEET BEAR JELLY RS 20 18 BAGS X 18 BOX | D7: 18 | E7: 18 | F7: 288.68044 | L7: =I7/E7 -> 0 | M7: =I7/E7 -> 0 | N7: =M7+H7 -> 0 | O7: =N7*E7 -> 0 | P7: =O7*F7 -> 0 | AW7: =SUM(R7:AV7) -> 0 | AY7: =Asghar!J7+shahzad!J7+Fahad!J7+Asif!J7+sumair!J7 -> 0 | AZ7: =Asghar!N7+shahzad!N7+Fahad!N7+Asif!N7+sumair!N7 -> 0 | BA7: =Asghar!R7+shahzad!R7+Fahad!R7+Asif!R7+sumair!R7 -> 0 | BB7: =Asghar!V7+shahzad!V7+Fahad!V7+Asif!V7+sumair!V7 -> 0 | BC7: =Asghar!Z7+shahzad!Z7+Fahad!Z7+Asif!Z7+sumair!Z7 -> 0 | BD7: =Asghar!AD7+shahzad!AD7+Fahad!AD7+Asif!AD7+sumair!AD7 -> 0 | BE7: =Asghar!AH7+shahzad!AH7+Fahad!AH7+Asif!AH7+sumair!AH7 -> 0 | BF7: =Asghar!AL7+shahzad!AL7+Fahad!AL7+Asif!AL7+sumair!AL7 -> 0 | BG7: =Asghar!AP7+shahzad!AP7+Fahad!AP7+Asif!AP7+sumair!AP7 -> 0 | BH7: =Asghar!AT7+shahzad!AT7+Fahad!AT7+Asif!AT7+sumair!AT7 -> 0 | BI7: =Asghar!AX7+shahzad!AX7+Fahad!AX7+Asif!AX7+sumair!AX7 -> 0 | BJ7: =Asghar!BB7+shahzad!BB7+Fahad!BB7+Asif!BB7+sumair!BB7 -> 0 | BK7: =Asghar!BF7+shahzad!BF7+Fahad!BF7+Asif!BF7+sumair!BF7 -> 0 | BL7: =Asghar!BJ7+shahzad!BJ7+Fahad!BJ7+Asif!BJ7+sumair!BJ7 -> 0 | BM7: =Asghar!BN7+shahzad!BN7+Fahad!BN7+Asif!BN7+sumair!BN7 -> 0 | BN7: =Asghar!BR7+shahzad!BR7+Fahad!BR7+Asif!BR7+sumair!BR7 -> 0 | BO7: =Asghar!BV7+shahzad!BV7+Fahad!BV7+Asif!BV7+sumair!BV7 -> 0 | BP7: =Asghar!BZ7+shahzad!BZ7+Fahad!BZ7+Asif!BZ7+sumair!BZ7 -> 0 | BQ7: =Asghar!CD7+shahzad!CD7+Fahad!CD7+Asif!CD7+sumair!CD7 -> 0 | BR7: =Asghar!CH7+shahzad!CH7+Fahad!CH7+Asif!CH7+sumair!CH7 -> 0 | BS7: =Asghar!CL7+shahzad!CL7+Fahad!CL7+Asif!CL7+sumair!CL7 -> 0 | BT7: =Asghar!CP7+shahzad!CP7+Fahad!CP7+Asif!CP7+sumair!CP7 -> 0 | BU7: =Asghar!CT7+shahzad!CT7+Fahad!CT7+Asif!CT7+sumair!CT7 -> 0 | BV7: =Asghar!CX7+shahzad!CX7+Fahad!CX7+Asif!CX7+sumair!CX7 -> 0 | BW7: =Asghar!DB7+shahzad!DB7+Fahad!DB7+Asif!DB7+sumair!DB7 -> 0 | BX7: =Asghar!DF7+shahzad!DF7+Fahad!DF7+Asif!DF7+sumair!DF7 -> 0 | BY7: =Asghar!DJ7+shahzad!DJ7+Fahad!DJ7+Asif!DJ7+sumair!DJ7 -> 0 | BZ7: =Asghar!DN7+shahzad!DN7+Fahad!DN7+Asif!DN7+sumair!DN7 -> 0 | CA7: =Asghar!DR7+shahzad!DR7+Fahad!DR7+Asif!DR7+sumair!DR7 -> 0 | CB7: =Asghar!DV7+shahzad!DV7+Fahad!DV7+Asif!DV7+sumair!DV7 -> 0 | CC7: =Asghar!DZ7+shahzad!DZ7+Fahad!DZ7+Asif!DZ7+sumair!DZ7 -> 0 | CD7: =SUM(AY7:CC7) -> 0 | CF7: =N7 -> 0 | CG7: =AW7 -> 0 | CH7: =CG7+CF7 -> 0 | CI7: =CD7 -> 0 | CJ7: =CH7-CI7 -> 0
B8: 101057 | C8: FIZZY O JELLY 48 BAGS RS 50 (PARTY PACK) | D8: 1 | E8: 48 | F8: 39.437248 | H8: 4 | I8: 23 | L8: =I8/E8 -> 0.47916667 | M8: =I8/E8 -> 0.47916667 | N8: =M8+H8 -> 4.4791667 | O8: =N8*E8 -> 215 | P8: =O8*F8 -> 8479.0083 | AW8: =SUM(R8:AV8) -> 0 | AY8: =Asghar!J8+shahzad!J8+Fahad!J8+Asif!J8+sumair!J8 -> 0 | AZ8: =Asghar!N8+shahzad!N8+Fahad!N8+Asif!N8+sumair!N8 -> 0 | BA8: =Asghar!R8+shahzad!R8+Fahad!R8+Asif!R8+sumair!R8 -> 0 | BB8: =Asghar!V8+shahzad!V8+Fahad!V8+Asif!V8+sumair!V8 -> 0 | BC8: =Asghar!Z8+shahzad!Z8+Fahad!Z8+Asif!Z8+sumair!Z8 -> 0 | BD8: =Asghar!AD8+shahzad!AD8+Fahad!AD8+Asif!AD8+sumair!AD8 -> 0 | BE8: =Asghar!AH8+shahzad!AH8+Fahad!AH8+Asif!AH8+sumair!AH8 -> 0 | BF8: =Asghar!AL8+shahzad!AL8+Fahad!AL8+Asif!AL8+sumair!AL8 -> 0 | BG8: =Asghar!AP8+shahzad!AP8+Fahad!AP8+Asif!AP8+sumair!AP8 -> 0 | BH8: =Asghar!AT8+shahzad!AT8+Fahad!AT8+Asif!AT8+sumair!AT8 -> 0 | BI8: =Asghar!AX8+shahzad!AX8+Fahad!AX8+Asif!AX8+sumair!AX8 -> 0 | BJ8: =Asghar!BB8+shahzad!BB8+Fahad!BB8+Asif!BB8+sumair!BB8 -> 0 | BK8: =Asghar!BF8+shahzad!BF8+Fahad!BF8+Asif!BF8+sumair!BF8 -> 0 | BL8: =Asghar!BJ8+shahzad!BJ8+Fahad!BJ8+Asif!BJ8+sumair!BJ8 -> 0 | BM8: =Asghar!BN8+shahzad!BN8+Fahad!BN8+Asif!BN8+sumair!BN8 -> 0 | BN8: =Asghar!BR8+shahzad!BR8+Fahad!BR8+Asif!BR8+sumair!BR8 -> 0 | BO8: =Asghar!BV8+shahzad!BV8+Fahad!BV8+Asif!BV8+sumair!BV8 -> 0 | BP8: =Asghar!BZ8+shahzad!BZ8+Fahad!BZ8+Asif!BZ8+sumair!BZ8 -> 0 | BQ8: =Asghar!CD8+shahzad!CD8+Fahad!CD8+Asif!CD8+sumair!CD8 -> 0 | BR8: =Asghar!CH8+shahzad!CH8+Fahad!CH8+Asif!CH8+sumair!CH8 -> 0 | BS8: =Asghar!CL8+shahzad!CL8+Fahad!CL8+Asif!CL8+sumair!CL8 -> 0 | BT8: =Asghar!CP8+shahzad!CP8+Fahad!CP8+Asif!CP8+sumair!CP8 -> 0 | BU8: =Asghar!CT8+shahzad!CT8+Fahad!CT8+Asif!CT8+sumair!CT8 -> 0 | BV8: =Asghar!CX8+shahzad!CX8+Fahad!CX8+Asif!CX8+sumair!CX8 -> 0 | BW8: =Asghar!DB8+shahzad!DB8+Fahad!DB8+Asif!DB8+sumair!DB8 -> 0 | BX8: =Asghar!DF8+shahzad!DF8+Fahad!DF8+Asif!DF8+sumair!DF8 -> 0 | BY8: =Asghar!DJ8+shahzad!DJ8+Fahad!DJ8+Asif!DJ8+sumair!DJ8 -> 0 | BZ8: =Asghar!DN8+shahzad!DN8+Fahad!DN8+Asif!DN8+sumair!DN8 -> 0 | CA8: =Asghar!DR8+shahzad!DR8+Fahad!DR8+Asif!DR8+sumair!DR8 -> 0 | CB8: =Asghar!DV8+shahzad!DV8+Fahad!DV8+Asif!DV8+sumair!DV8 -> 0 | CC8: =Asghar!DZ8+shahzad!DZ8+Fahad!DZ8+Asif!DZ8+sumair!DZ8 -> 0 | CD8: =SUM(AY8:CC8) -> 0 | CF8: =N8 -> 4.4791667 | CG8: =AW8 -> 0 | CH8: =CG8+CF8 -> 4.4791667 | CI8: =CD8 -> 0 | CJ8: =CH8-CI8 -> 4.4791667
B9: 101058 | C9: FIZZY O JELLY RS 10 24 BAGS X 24 BOXES | D9: 24 | E9: 24 | F9: 189.29879 | H9: 5 | I9: 13 | L9: =I9/E9 -> 0.54166667 | M9: =I9/E9 -> 0.54166667 | N9: =M9+H9 -> 5.5416667 | O9: =N9*E9 -> 133 | P9: =O9*F9 -> 25176.739 | AW9: =SUM(R9:AV9) -> 0 | AY9: =Asghar!J9+shahzad!J9+Fahad!J9+Asif!J9+sumair!J9 -> 0 | AZ9: =Asghar!N9+shahzad!N9+Fahad!N9+Asif!N9+sumair!N9 -> 0 | BA9: =Asghar!R9+shahzad!R9+Fahad!R9+Asif!R9+sumair!R9 -> 0 | BB9: =Asghar!V9+shahzad!V9+Fahad!V9+Asif!V9+sumair!V9 -> 0 | BC9: =Asghar!Z9+shahzad!Z9+Fahad!Z9+Asif!Z9+sumair!Z9 -> 0 | BD9: =Asghar!AD9+shahzad!AD9+Fahad!AD9+Asif!AD9+sumair!AD9 -> 0 | BE9: =Asghar!AH9+shahzad!AH9+Fahad!AH9+Asif!AH9+sumair!AH9 -> 0 | BF9: =Asghar!AL9+shahzad!AL9+Fahad!AL9+Asif!AL9+sumair!AL9 -> 0 | BG9: =Asghar!AP9+shahzad!AP9+Fahad!AP9+Asif!AP9+sumair!AP9 -> 0 | BH9: =Asghar!AT9+shahzad!AT9+Fahad!AT9+Asif!AT9+sumair!AT9 -> 0 | BI9: =Asghar!AX9+shahzad!AX9+Fahad!AX9+Asif!AX9+sumair!AX9 -> 0 | BJ9: =Asghar!BB9+shahzad!BB9+Fahad!BB9+Asif!BB9+sumair!BB9 -> 0 | BK9: =Asghar!BF9+shahzad!BF9+Fahad!BF9+Asif!BF9+sumair!BF9 -> 0 | BL9: =Asghar!BJ9+shahzad!BJ9+Fahad!BJ9+Asif!BJ9+sumair!BJ9 -> 0 | BM9: =Asghar!BN9+shahzad!BN9+Fahad!BN9+Asif!BN9+sumair!BN9 -> 0 | BN9: =Asghar!BR9+shahzad!BR9+Fahad!BR9+Asif!BR9+sumair!BR9 -> 0 | BO9: =Asghar!BV9+shahzad!BV9+Fahad!BV9+Asif!BV9+sumair!BV9 -> 0 | BP9: =Asghar!BZ9+shahzad!BZ9+Fahad!BZ9+Asif!BZ9+sumair!BZ9 -> 0 | BQ9: =Asghar!CD9+shahzad!CD9+Fahad!CD9+Asif!CD9+sumair!CD9 -> 0 | BR9: =Asghar!CH9+shahzad!CH9+Fahad!CH9+Asif!CH9+sumair!CH9 -> 0 | BS9: =Asghar!CL9+shahzad!CL9+Fahad!CL9+Asif!CL9+sumair!CL9 -> 0 | BT9: =Asghar!CP9+shahzad!CP9+Fahad!CP9+Asif!CP9+sumair!CP9 -> 0 | BU9: =Asghar!CT9+shahzad!CT9+Fahad!CT9+Asif!CT9+sumair!CT9 -> 0 | BV9: =Asghar!CX9+shahzad!CX9+Fahad!CX9+Asif!CX9+sumair!CX9 -> 0 | BW9: =Asghar!DB9+shahzad!DB9+Fahad!DB9+Asif!DB9+sumair!DB9 -> 0 | BX9: =Asghar!DF9+shahzad!DF9+Fahad!DF9+Asif!DF9+sumair!DF9 -> 0 | BY9: =Asghar!DJ9+shahzad!DJ9+Fahad!DJ9+Asif!DJ9+sumair!DJ9 -> 0 | BZ9: =Asghar!DN9+shahzad!DN9+Fahad!DN9+Asif!DN9+sumair!DN9 -> 0 | CA9: =Asghar!DR9+shahzad!DR9+Fahad!DR9+Asif!DR9+sumair!DR9 -> 0 | CB9: =Asghar!DV9+shahzad!DV9+Fahad!DV9+Asif!DV9+sumair!DV9 -> 0 | CC9: =Asghar!DZ9+shahzad!DZ9+Fahad!DZ9+Asif!DZ9+sumair!DZ9 -> 0 | CD9: =SUM(AY9:CC9) -> 0 | CF9: =N9 -> 5.5416667 | CG9: =AW9 -> 0 | CH9: =CG9+CF9 -> 5.5416667 | CI9: =CD9 -> 0 | CJ9: =CH9-CI9 -> 5.5416667
B10: 101205 | C10: JELLY CHILLI MILLI 48 BAGS (PARTY PACK) | D10: 1 | E10: 48 | F10: 39.437248 | H10: 27 | I10: 16 | L10: =I10/E10 -> 0.33333333 | M10: =I10/E10 -> 0.33333333 | N10: =M10+H10 -> 27.333333 | O10: =N10*E10 -> 1312 | P10: =O10*F10 -> 51741.67 | AW10: =SUM(R10:AV10) -> 0 | AY10: =Asghar!J10+shahzad!J10+Fahad!J10+Asif!J10+sumair!J10 -> 0 | AZ10: =Asghar!N10+shahzad!N10+Fahad!N10+Asif!N10+sumair!N10 -> 0 | BA10: =Asghar!R10+shahzad!R10+Fahad!R10+Asif!R10+sumair!R10 -> 0 | BB10: =Asghar!V10+shahzad!V10+Fahad!V10+Asif!V10+sumair!V10 -> 0 | BC10: =Asghar!Z10+shahzad!Z10+Fahad!Z10+Asif!Z10+sumair!Z10 -> 0 | BD10: =Asghar!AD10+shahzad!AD10+Fahad!AD10+Asif!AD10+sumair!AD10 -> 0 | BE10: =Asghar!AH10+shahzad!AH10+Fahad!AH10+Asif!AH10+sumair!AH10 -> 0 | BF10: =Asghar!AL10+shahzad!AL10+Fahad!AL10+Asif!AL10+sumair!AL10 -> 0 | BG10: =Asghar!AP10+shahzad!AP10+Fahad!AP10+Asif!AP10+sumair!AP10 -> 0 | BH10: =Asghar!AT10+shahzad!AT10+Fahad!AT10+Asif!AT10+sumair!AT10 -> 0 | BI10: =Asghar!AX10+shahzad!AX10+Fahad!AX10+Asif!AX10+sumair!AX10 -> 0 | BJ10: =Asghar!BB10+shahzad!BB10+Fahad!BB10+Asif!BB10+sumair!BB10 -> 0 | BK10: =Asghar!BF10+shahzad!BF10+Fahad!BF10+Asif!BF10+sumair!BF10 -> 0 | BL10: =Asghar!BJ10+shahzad!BJ10+Fahad!BJ10+Asif!BJ10+sumair!BJ10 -> 0 | BM10: =Asghar!BN10+shahzad!BN10+Fahad!BN10+Asif!BN10+sumair!BN10 -> 0 | BN10: =Asghar!BR10+shahzad!BR10+Fahad!BR10+Asif!BR10+sumair!BR10 -> 0 | BO10: =Asghar!BV10+shahzad!BV10+Fahad!BV10+Asif!BV10+sumair!BV10 -> 0 | BP10: =Asghar!BZ10+shahzad!BZ10+Fahad!BZ10+Asif!BZ10+sumair!BZ10 -> 0 | BQ10: =Asghar!CD10+shahzad!CD10+Fahad!CD10+Asif!CD10+sumair!CD10 -> 0 | BR10: =Asghar!CH10+shahzad!CH10+Fahad!CH10+Asif!CH10+sumair!CH10 -> 0 | BS10: =Asghar!CL10+shahzad!CL10+Fahad!CL10+Asif!CL10+sumair!CL10 -> 0 | BT10: =Asghar!CP10+shahzad!CP10+Fahad!CP10+Asif!CP10+sumair!CP10 -> 0 | BU10: =Asghar!CT10+shahzad!CT10+Fahad!CT10+Asif!CT10+sumair!CT10 -> 0 | BV10: =Asghar!CX10+shahzad!CX10+Fahad!CX10+Asif!CX10+sumair!CX10 -> 0 | BW10: =Asghar!DB10+shahzad!DB10+Fahad!DB10+Asif!DB10+sumair!DB10 -> 0 | BX10: =Asghar!DF10+shahzad!DF10+Fahad!DF10+Asif!DF10+sumair!DF10 -> 0 | BY10: =Asghar!DJ10+shahzad!DJ10+Fahad!DJ10+Asif!DJ10+sumair!DJ10 -> 0 | BZ10: =Asghar!DN10+shahzad!DN10+Fahad!DN10+Asif!DN10+sumair!DN10 -> 0 | CA10: =Asghar!DR10+shahzad!DR10+Fahad!DR10+Asif!DR10+sumair!DR10 -> 0 | CB10: =Asghar!DV10+shahzad!DV10+Fahad!DV10+Asif!DV10+sumair!DV10 -> 0 | CC10: =Asghar!DZ10+shahzad!DZ10+Fahad!DZ10+Asif!DZ10+sumair!DZ10 -> 0 | CD10: =SUM(AY10:CC10) -> 0 | CF10: =N10 -> 27.333333 | CG10: =AW10 -> 0 | CH10: =CG10+CF10 -> 27.333333 | CI10: =CD10 -> 0 | CJ10: =CH10-CI10 -> 27.333333
B11: 101333 | C11: CHILLI MILLI RS10 24 BAGS X 24 BOXES | D11: 24 | E11: 24 | F11: 189.29879 | H11: 60 | I11: 19 | L11: =I11/E11 -> 0.79166667 | M11: =I11/E11 -> 0.79166667 | N11: =M11+H11 -> 60.791667 | O11: =N11*E11 -> 1459 | P11: =O11*F11 -> 276186.94 | AW11: =SUM(R11:AV11) -> 0 | AY11: =Asghar!J11+shahzad!J11+Fahad!J11+Asif!J11+sumair!J11 -> 0 | AZ11: =Asghar!N11+shahzad!N11+Fahad!N11+Asif!N11+sumair!N11 -> 0 | BA11: =Asghar!R11+shahzad!R11+Fahad!R11+Asif!R11+sumair!R11 -> 0 | BB11: =Asghar!V11+shahzad!V11+Fahad!V11+Asif!V11+sumair!V11 -> 0 | BC11: =Asghar!Z11+shahzad!Z11+Fahad!Z11+Asif!Z11+sumair!Z11 -> 0 | BD11: =Asghar!AD11+shahzad!AD11+Fahad!AD11+Asif!AD11+sumair!AD11 -> 0 | BE11: =Asghar!AH11+shahzad!AH11+Fahad!AH11+Asif!AH11+sumair!AH11 -> 0 | BF11: =Asghar!AL11+shahzad!AL11+Fahad!AL11+Asif!AL11+sumair!AL11 -> 0 | BG11: =Asghar!AP11+shahzad!AP11+Fahad!AP11+Asif!AP11+sumair!AP11 -> 0 | BH11: =Asghar!AT11+shahzad!AT11+Fahad!AT11+Asif!AT11+sumair!AT11 -> 0 | BI11: =Asghar!AX11+shahzad!AX11+Fahad!AX11+Asif!AX11+sumair!AX11 -> 0 | BJ11: =Asghar!BB11+shahzad!BB11+Fahad!BB11+Asif!BB11+sumair!BB11 -> 0 | BK11: =Asghar!BF11+shahzad!BF11+Fahad!BF11+Asif!BF11+sumair!BF11 -> 0 | BL11: =Asghar!BJ11+shahzad!BJ11+Fahad!BJ11+Asif!BJ11+sumair!BJ11 -> 0 | BM11: =Asghar!BN11+shahzad!BN11+Fahad!BN11+Asif!BN11+sumair!BN11 -> 0 | BN11: =Asghar!BR11+shahzad!BR11+Fahad!BR11+Asif!BR11+sumair!BR11 -> 0 | BO11: =Asghar!BV11+shahzad!BV11+Fahad!BV11+Asif!BV11+sumair!BV11 -> 0 | BP11: =Asghar!BZ11+shahzad!BZ11+Fahad!BZ11+Asif!BZ11+sumair!BZ11 -> 0 | BQ11: =Asghar!CD11+shahzad!CD11+Fahad!CD11+Asif!CD11+sumair!CD11 -> 0 | BR11: =Asghar!CH11+shahzad!CH11+Fahad!CH11+Asif!CH11+sumair!CH11 -> 0 | BS11: =Asghar!CL11+shahzad!CL11+Fahad!CL11+Asif!CL11+sumair!CL11 -> 0 | BT11: =Asghar!CP11+shahzad!CP11+Fahad!CP11+Asif!CP11+sumair!CP11 -> 0 | BU11: =Asghar!CT11+shahzad!CT11+Fahad!CT11+Asif!CT11+sumair!CT11 -> 0 | BV11: =Asghar!CX11+shahzad!CX11+Fahad!CX11+Asif!CX11+sumair!CX11 -> 0 | BW11: =Asghar!DB11+shahzad!DB11+Fahad!DB11+Asif!DB11+sumair!DB11 -> 0 | BX11: =Asghar!DF11+shahzad!DF11+Fahad!DF11+Asif!DF11+sumair!DF11 -> 0 | BY11: =Asghar!DJ11+shahzad!DJ11+Fahad!DJ11+Asif!DJ11+sumair!DJ11 -> 0 | BZ11: =Asghar!DN11+shahzad!DN11+Fahad!DN11+Asif!DN11+sumair!DN11 -> 0 | CA11: =Asghar!DR11+shahzad!DR11+Fahad!DR11+Asif!DR11+sumair!DR11 -> 0 | CB11: =Asghar!DV11+shahzad!DV11+Fahad!DV11+Asif!DV11+sumair!DV11 -> 0 | CC11: =Asghar!DZ11+shahzad!DZ11+Fahad!DZ11+Asif!DZ11+sumair!DZ11 -> 0 | CD11: =SUM(AY11:CC11) -> 0 | CF11: =N11 -> 60.791667 | CG11: =AW11 -> 0 | CH11: =CG11+CF11 -> 60.791667 | CI11: =CD11 -> 0 | CJ11: =CH11-CI11 -> 60.791667
B12: 101354 | C12: ABC JELLY RS10 24 BAGS X 24 BOXES | D12: 24 | E12: 24 | F12: 189.29879 | H12: 42 | I12: 10 | L12: =I12/E12 -> 0.41666667 | M12: =I12/E12 -> 0.41666667 | N12: =M12+H12 -> 42.416667 | O12: =N12*E12 -> 1018 | P12: =O12*F12 -> 192706.17 | AW12: =SUM(R12:AV12) -> 0 | AY12: =Asghar!J12+shahzad!J12+Fahad!J12+Asif!J12+sumair!J12 -> 0 | AZ12: =Asghar!N12+shahzad!N12+Fahad!N12+Asif!N12+sumair!N12 -> 0 | BA12: =Asghar!R12+shahzad!R12+Fahad!R12+Asif!R12+sumair!R12 -> 0 | BB12: =Asghar!V12+shahzad!V12+Fahad!V12+Asif!V12+sumair!V12 -> 0 | BC12: =Asghar!Z12+shahzad!Z12+Fahad!Z12+Asif!Z12+sumair!Z12 -> 0 | BD12: =Asghar!AD12+shahzad!AD12+Fahad!AD12+Asif!AD12+sumair!AD12 -> 0 | BE12: =Asghar!AH12+shahzad!AH12+Fahad!AH12+Asif!AH12+sumair!AH12 -> 0 | BF12: =Asghar!AL12+shahzad!AL12+Fahad!AL12+Asif!AL12+sumair!AL12 -> 0 | BG12: =Asghar!AP12+shahzad!AP12+Fahad!AP12+Asif!AP12+sumair!AP12 -> 0 | BH12: =Asghar!AT12+shahzad!AT12+Fahad!AT12+Asif!AT12+sumair!AT12 -> 0 | BI12: =Asghar!AX12+shahzad!AX12+Fahad!AX12+Asif!AX12+sumair!AX12 -> 0 | BJ12: =Asghar!BB12+shahzad!BB12+Fahad!BB12+Asif!BB12+sumair!BB12 -> 0 | BK12: =Asghar!BF12+shahzad!BF12+Fahad!BF12+Asif!BF12+sumair!BF12 -> 0 | BL12: =Asghar!BJ12+shahzad!BJ12+Fahad!BJ12+Asif!BJ12+sumair!BJ12 -> 0 | BM12: =Asghar!BN12+shahzad!BN12+Fahad!BN12+Asif!BN12+sumair!BN12 -> 0 | BN12: =Asghar!BR12+shahzad!BR12+Fahad!BR12+Asif!BR12+sumair!BR12 -> 0 | BO12: =Asghar!BV12+shahzad!BV12+Fahad!BV12+Asif!BV12+sumair!BV12 -> 0 | BP12: =Asghar!BZ12+shahzad!BZ12+Fahad!BZ12+Asif!BZ12+sumair!BZ12 -> 0 | BQ12: =Asghar!CD12+shahzad!CD12+Fahad!CD12+Asif!CD12+sumair!CD12 -> 0 | BR12: =Asghar!CH12+shahzad!CH12+Fahad!CH12+Asif!CH12+sumair!CH12 -> 0 | BS12: =Asghar!CL12+shahzad!CL12+Fahad!CL12+Asif!CL12+sumair!CL12 -> 0 | BT12: =Asghar!CP12+shahzad!CP12+Fahad!CP12+Asif!CP12+sumair!CP12 -> 0 | BU12: =Asghar!CT12+shahzad!CT12+Fahad!CT12+Asif!CT12+sumair!CT12 -> 0 | BV12: =Asghar!CX12+shahzad!CX12+Fahad!CX12+Asif!CX12+sumair!CX12 -> 0 | BW12: =Asghar!DB12+shahzad!DB12+Fahad!DB12+Asif!DB12+sumair!DB12 -> 0 | BX12: =Asghar!DF12+shahzad!DF12+Fahad!DF12+Asif!DF12+sumair!DF12 -> 0 | BY12: =Asghar!DJ12+shahzad!DJ12+Fahad!DJ12+Asif!DJ12+sumair!DJ12 -> 0 | BZ12: =Asghar!DN12+shahzad!DN12+Fahad!DN12+Asif!DN12+sumair!DN12 -> 0 | CA12: =Asghar!DR12+shahzad!DR12+Fahad!DR12+Asif!DR12+sumair!DR12 -> 0 | CB12: =Asghar!DV12+shahzad!DV12+Fahad!DV12+Asif!DV12+sumair!DV12 -> 0 | CC12: =Asghar!DZ12+shahzad!DZ12+Fahad!DZ12+Asif!DZ12+sumair!DZ12 -> 0 | CD12: =SUM(AY12:CC12) -> 0 | CF12: =N12 -> 42.416667 | CG12: =AW12 -> 0 | CH12: =CG12+CF12 -> 42.416667 | CI12: =CD12 -> 0 | CJ12: =CH12-CI12 -> 42.416667
B13: 101835 | C13: SOUR BITES JELLY RS10 24 BAGS X 24 BOXES | D13: 24 | E13: 24 | F13: 192.45358 | H13: 18 | L13: =I13/E13 -> 0 | M13: =I13/E13 -> 0 | N13: =M13+H13 -> 18 | O13: =N13*E13 -> 432 | P13: =O13*F13 -> 83139.944 | AW13: =SUM(R13:AV13) -> 0 | AY13: =Asghar!J13+shahzad!J13+Fahad!J13+Asif!J13+sumair!J13 -> 0 | AZ13: =Asghar!N13+shahzad!N13+Fahad!N13+Asif!N13+sumair!N13 -> 0 | BA13: =Asghar!R13+shahzad!R13+Fahad!R13+Asif!R13+sumair!R13 -> 0 | BB13: =Asghar!V13+shahzad!V13+Fahad!V13+Asif!V13+sumair!V13 -> 0 | BC13: =Asghar!Z13+shahzad!Z13+Fahad!Z13+Asif!Z13+sumair!Z13 -> 0 | BD13: =Asghar!AD13+shahzad!AD13+Fahad!AD13+Asif!AD13+sumair!AD13 -> 0 | BE13: =Asghar!AH13+shahzad!AH13+Fahad!AH13+Asif!AH13+sumair!AH13 -> 0 | BF13: =Asghar!AL13+shahzad!AL13+Fahad!AL13+Asif!AL13+sumair!AL13 -> 0 | BG13: =Asghar!AP13+shahzad!AP13+Fahad!AP13+Asif!AP13+sumair!AP13 -> 0 | BH13: =Asghar!AT13+shahzad!AT13+Fahad!AT13+Asif!AT13+sumair!AT13 -> 0 | BI13: =Asghar!AX13+shahzad!AX13+Fahad!AX13+Asif!AX13+sumair!AX13 -> 0 | BJ13: =Asghar!BB13+shahzad!BB13+Fahad!BB13+Asif!BB13+sumair!BB13 -> 0 | BK13: =Asghar!BF13+shahzad!BF13+Fahad!BF13+Asif!BF13+sumair!BF13 -> 0 | BL13: =Asghar!BJ13+shahzad!BJ13+Fahad!BJ13+Asif!BJ13+sumair!BJ13 -> 0 | BM13: =Asghar!BN13+shahzad!BN13+Fahad!BN13+Asif!BN13+sumair!BN13 -> 0 | BN13: =Asghar!BR13+shahzad!BR13+Fahad!BR13+Asif!BR13+sumair!BR13 -> 0 | BO13: =Asghar!BV13+shahzad!BV13+Fahad!BV13+Asif!BV13+sumair!BV13 -> 0 | BP13: =Asghar!BZ13+shahzad!BZ13+Fahad!BZ13+Asif!BZ13+sumair!BZ13 -> 0 | BQ13: =Asghar!CD13+shahzad!CD13+Fahad!CD13+Asif!CD13+sumair!CD13 -> 0 | BR13: =Asghar!CH13+shahzad!CH13+Fahad!CH13+Asif!CH13+sumair!CH13 -> 0 | BS13: =Asghar!CL13+shahzad!CL13+Fahad!CL13+Asif!CL13+sumair!CL13 -> 0 | BT13: =Asghar!CP13+shahzad!CP13+Fahad!CP13+Asif!CP13+sumair!CP13 -> 0 | BU13: =Asghar!CT13+shahzad!CT13+Fahad!CT13+Asif!CT13+sumair!CT13 -> 0 | BV13: =Asghar!CX13+shahzad!CX13+Fahad!CX13+Asif!CX13+sumair!CX13 -> 0 | BW13: =Asghar!DB13+shahzad!DB13+Fahad!DB13+Asif!DB13+sumair!DB13 -> 0 | BX13: =Asghar!DF13+shahzad!DF13+Fahad!DF13+Asif!DF13+sumair!DF13 -> 0 | BY13: =Asghar!DJ13+shahzad!DJ13+Fahad!DJ13+Asif!DJ13+sumair!DJ13 -> 0 | BZ13: =Asghar!DN13+shahzad!DN13+Fahad!DN13+Asif!DN13+sumair!DN13 -> 0 | CA13: =Asghar!DR13+shahzad!DR13+Fahad!DR13+Asif!DR13+sumair!DR13 -> 0 | CB13: =Asghar!DV13+shahzad!DV13+Fahad!DV13+Asif!DV13+sumair!DV13 -> 0 | CC13: =Asghar!DZ13+shahzad!DZ13+Fahad!DZ13+Asif!DZ13+sumair!DZ13 -> 0 | CD13: =SUM(AY13:CC13) -> 0 | CF13: =N13 -> 18 | CG13: =AW13 -> 0 | CH13: =CG13+CF13 -> 18 | CI13: =CD13 -> 0 | CJ13: =CH13-CI13 -> 18
B14: 101861 | C14: SWEET BURGER JELLY RS 10 24 PC X 12 BOX | D14: 24 | E14: 12 | F14: 187.19547 | H14: 11 | I14: 9 | L14: =I14/E14 -> 0.75 | M14: =I14/E14 -> 0.75 | N14: =M14+H14 -> 11.75 | O14: =N14*E14 -> 141 | P14: =O14*F14 -> 26394.561 | AW14: =SUM(R14:AV14) -> 0 | AY14: =Asghar!J14+shahzad!J14+Fahad!J14+Asif!J14+sumair!J14 -> 0 | AZ14: =Asghar!N14+shahzad!N14+Fahad!N14+Asif!N14+sumair!N14 -> 0 | BA14: =Asghar!R14+shahzad!R14+Fahad!R14+Asif!R14+sumair!R14 -> 0 | BB14: =Asghar!V14+shahzad!V14+Fahad!V14+Asif!V14+sumair!V14 -> 0 | BC14: =Asghar!Z14+shahzad!Z14+Fahad!Z14+Asif!Z14+sumair!Z14 -> 0 | BD14: =Asghar!AD14+shahzad!AD14+Fahad!AD14+Asif!AD14+sumair!AD14 -> 0 | BE14: =Asghar!AH14+shahzad!AH14+Fahad!AH14+Asif!AH14+sumair!AH14 -> 0 | BF14: =Asghar!AL14+shahzad!AL14+Fahad!AL14+Asif!AL14+sumair!AL14 -> 0 | BG14: =Asghar!AP14+shahzad!AP14+Fahad!AP14+Asif!AP14+sumair!AP14 -> 0 | BH14: =Asghar!AT14+shahzad!AT14+Fahad!AT14+Asif!AT14+sumair!AT14 -> 0 | BI14: =Asghar!AX14+shahzad!AX14+Fahad!AX14+Asif!AX14+sumair!AX14 -> 0 | BJ14: =Asghar!BB14+shahzad!BB14+Fahad!BB14+Asif!BB14+sumair!BB14 -> 0 | BK14: =Asghar!BF14+shahzad!BF14+Fahad!BF14+Asif!BF14+sumair!BF14 -> 0 | BL14: =Asghar!BJ14+shahzad!BJ14+Fahad!BJ14+Asif!BJ14+sumair!BJ14 -> 0 | BM14: =Asghar!BN14+shahzad!BN14+Fahad!BN14+Asif!BN14+sumair!BN14 -> 0 | BN14: =Asghar!BR14+shahzad!BR14+Fahad!BR14+Asif!BR14+sumair!BR14 -> 0 | BO14: =Asghar!BV14+shahzad!BV14+Fahad!BV14+Asif!BV14+sumair!BV14 -> 0 | BP14: =Asghar!BZ14+shahzad!BZ14+Fahad!BZ14+Asif!BZ14+sumair!BZ14 -> 0 | BQ14: =Asghar!CD14+shahzad!CD14+Fahad!CD14+Asif!CD14+sumair!CD14 -> 0 | BR14: =Asghar!CH14+shahzad!CH14+Fahad!CH14+Asif!CH14+sumair!CH14 -> 0 | BS14: =Asghar!CL14+shahzad!CL14+Fahad!CL14+Asif!CL14+sumair!CL14 -> 0 | BT14: =Asghar!CP14+shahzad!CP14+Fahad!CP14+Asif!CP14+sumair!CP14 -> 0 | BU14: =Asghar!CT14+shahzad!CT14+Fahad!CT14+Asif!CT14+sumair!CT14 -> 0 | BV14: =Asghar!CX14+shahzad!CX14+Fahad!CX14+Asif!CX14+sumair!CX14 -> 0 | BW14: =Asghar!DB14+shahzad!DB14+Fahad!DB14+Asif!DB14+sumair!DB14 -> 0 | BX14: =Asghar!DF14+shahzad!DF14+Fahad!DF14+Asif!DF14+sumair!DF14 -> 0 | BY14: =Asghar!DJ14+shahzad!DJ14+Fahad!DJ14+Asif!DJ14+sumair!DJ14 -> 0 | BZ14: =Asghar!DN14+shahzad!DN14+Fahad!DN14+Asif!DN14+sumair!DN14 -> 0 | CA14: =Asghar!DR14+shahzad!DR14+Fahad!DR14+Asif!DR14+sumair!DR14 -> 0 | CB14: =Asghar!DV14+shahzad!DV14+Fahad!DV14+Asif!DV14+sumair!DV14 -> 0 | CC14: =Asghar!DZ14+shahzad!DZ14+Fahad!DZ14+Asif!DZ14+sumair!DZ14 -> 0 | CD14: =SUM(AY14:CC14) -> 0 | CF14: =N14 -> 11.75 | CG14: =AW14 -> 0 | CH14: =CG14+CF14 -> 11.75 | CI14: =CD14 -> 0 | CJ14: =CH14-CI14 -> 11.75
B15: 101879 | C15: DINO JELLY RS 20 18 BAGS X 18 BOX | D15: 18 | E15: 18 | F15: 288.68044 | H15: 7 | I15: 10 | L15: =I15/E15 -> 0.55555556 | M15: =I15/E15 -> 0.55555556 | N15: =M15+H15 -> 7.5555556 | O15: =N15*E15 -> 136 | P15: =O15*F15 -> 39260.54 | AW15: =SUM(R15:AV15) -> 0 | AY15: =Asghar!J15+shahzad!J15+Fahad!J15+Asif!J15+sumair!J15 -> 0 | AZ15: =Asghar!N15+shahzad!N15+Fahad!N15+Asif!N15+sumair!N15 -> 0 | BA15: =Asghar!R15+shahzad!R15+Fahad!R15+Asif!R15+sumair!R15 -> 0 | BB15: =Asghar!V15+shahzad!V15+Fahad!V15+Asif!V15+sumair!V15 -> 0 | BC15: =Asghar!Z15+shahzad!Z15+Fahad!Z15+Asif!Z15+sumair!Z15 -> 0 | BD15: =Asghar!AD15+shahzad!AD15+Fahad!AD15+Asif!AD15+sumair!AD15 -> 0 | BE15: =Asghar!AH15+shahzad!AH15+Fahad!AH15+Asif!AH15+sumair!AH15 -> 0 | BF15: =Asghar!AL15+shahzad!AL15+Fahad!AL15+Asif!AL15+sumair!AL15 -> 0 | BG15: =Asghar!AP15+shahzad!AP15+Fahad!AP15+Asif!AP15+sumair!AP15 -> 0 | BH15: =Asghar!AT15+shahzad!AT15+Fahad!AT15+Asif!AT15+sumair!AT15 -> 0 | BI15: =Asghar!AX15+shahzad!AX15+Fahad!AX15+Asif!AX15+sumair!AX15 -> 0 | BJ15: =Asghar!BB15+shahzad!BB15+Fahad!BB15+Asif!BB15+sumair!BB15 -> 0 | BK15: =Asghar!BF15+shahzad!BF15+Fahad!BF15+Asif!BF15+sumair!BF15 -> 0 | BL15: =Asghar!BJ15+shahzad!BJ15+Fahad!BJ15+Asif!BJ15+sumair!BJ15 -> 0 | BM15: =Asghar!BN15+shahzad!BN15+Fahad!BN15+Asif!BN15+sumair!BN15 -> 0 | BN15: =Asghar!BR15+shahzad!BR15+Fahad!BR15+Asif!BR15+sumair!BR15 -> 0 | BO15: =Asghar!BV15+shahzad!BV15+Fahad!BV15+Asif!BV15+sumair!BV15 -> 0 | BP15: =Asghar!BZ15+shahzad!BZ15+Fahad!BZ15+Asif!BZ15+sumair!BZ15 -> 0 | BQ15: =Asghar!CD15+shahzad!CD15+Fahad!CD15+Asif!CD15+sumair!CD15 -> 0 | BR15: =Asghar!CH15+shahzad!CH15+Fahad!CH15+Asif!CH15+sumair!CH15 -> 0 | BS15: =Asghar!CL15+shahzad!CL15+Fahad!CL15+Asif!CL15+sumair!CL15 -> 0 | BT15: =Asghar!CP15+shahzad!CP15+Fahad!CP15+Asif!CP15+sumair!CP15 -> 0 | BU15: =Asghar!CT15+shahzad!CT15+Fahad!CT15+Asif!CT15+sumair!CT15 -> 0 | BV15: =Asghar!CX15+shahzad!CX15+Fahad!CX15+Asif!CX15+sumair!CX15 -> 0 | BW15: =Asghar!DB15+shahzad!DB15+Fahad!DB15+Asif!DB15+sumair!DB15 -> 0 | BX15: =Asghar!DF15+shahzad!DF15+Fahad!DF15+Asif!DF15+sumair!DF15 -> 0 | BY15: =Asghar!DJ15+shahzad!DJ15+Fahad!DJ15+Asif!DJ15+sumair!DJ15 -> 0 | BZ15: =Asghar!DN15+shahzad!DN15+Fahad!DN15+Asif!DN15+sumair!DN15 -> 0 | CA15: =Asghar!DR15+shahzad!DR15+Fahad!DR15+Asif!DR15+sumair!DR15 -> 0 | CB15: =Asghar!DV15+shahzad!DV15+Fahad!DV15+Asif!DV15+sumair!DV15 -> 0 | CC15: =Asghar!DZ15+shahzad!DZ15+Fahad!DZ15+Asif!DZ15+sumair!DZ15 -> 0 | CD15: =SUM(AY15:CC15) -> 0 | CF15: =N15 -> 7.5555556 | CG15: =AW15 -> 0 | CH15: =CG15+CF15 -> 7.5555556 | CI15: =CD15 -> 0 | CJ15: =CH15-CI15 -> 7.5555556
B16: 101930 | C16: PREMIUM PEACH RING JELLY RS 50 12BGX8BX | D16: 12 | E16: 8 | F16: 481.13468 | H16: 9 | I16: 4 | L16: =I16/E16 -> 0.5 | M16: =I16/E16 -> 0.5 | N16: =M16+H16 -> 9.5 | O16: =N16*E16 -> 76 | P16: =O16*F16 -> 36566.235 | AW16: =SUM(R16:AV16) -> 0 | AY16: =Asghar!J16+shahzad!J16+Fahad!J16+Asif!J16+sumair!J16 -> 0 | AZ16: =Asghar!N16+shahzad!N16+Fahad!N16+Asif!N16+sumair!N16 -> 0 | BA16: =Asghar!R16+shahzad!R16+Fahad!R16+Asif!R16+sumair!R16 -> 0 | BB16: =Asghar!V16+shahzad!V16+Fahad!V16+Asif!V16+sumair!V16 -> 0 | BC16: =Asghar!Z16+shahzad!Z16+Fahad!Z16+Asif!Z16+sumair!Z16 -> 0 | BD16: =Asghar!AD16+shahzad!AD16+Fahad!AD16+Asif!AD16+sumair!AD16 -> 0 | BE16: =Asghar!AH16+shahzad!AH16+Fahad!AH16+Asif!AH16+sumair!AH16 -> 0 | BF16: =Asghar!AL16+shahzad!AL16+Fahad!AL16+Asif!AL16+sumair!AL16 -> 0 | BG16: =Asghar!AP16+shahzad!AP16+Fahad!AP16+Asif!AP16+sumair!AP16 -> 0 | BH16: =Asghar!AT16+shahzad!AT16+Fahad!AT16+Asif!AT16+sumair!AT16 -> 0 | BI16: =Asghar!AX16+shahzad!AX16+Fahad!AX16+Asif!AX16+sumair!AX16 -> 0 | BJ16: =Asghar!BB16+shahzad!BB16+Fahad!BB16+Asif!BB16+sumair!BB16 -> 0 | BK16: =Asghar!BF16+shahzad!BF16+Fahad!BF16+Asif!BF16+sumair!BF16 -> 0 | BL16: =Asghar!BJ16+shahzad!BJ16+Fahad!BJ16+Asif!BJ16+sumair!BJ16 -> 0 | BM16: =Asghar!BN16+shahzad!BN16+Fahad!BN16+Asif!BN16+sumair!BN16 -> 0 | BN16: =Asghar!BR16+shahzad!BR16+Fahad!BR16+Asif!BR16+sumair!BR16 -> 0 | BO16: =Asghar!BV16+shahzad!BV16+Fahad!BV16+Asif!BV16+sumair!BV16 -> 0 | BP16: =Asghar!BZ16+shahzad!BZ16+Fahad!BZ16+Asif!BZ16+sumair!BZ16 -> 0 | BQ16: =Asghar!CD16+shahzad!CD16+Fahad!CD16+Asif!CD16+sumair!CD16 -> 0 | BR16: =Asghar!CH16+shahzad!CH16+Fahad!CH16+Asif!CH16+sumair!CH16 -> 0 | BS16: =Asghar!CL16+shahzad!CL16+Fahad!CL16+Asif!CL16+sumair!CL16 -> 0 | BT16: =Asghar!CP16+shahzad!CP16+Fahad!CP16+Asif!CP16+sumair!CP16 -> 0 | BU16: =Asghar!CT16+shahzad!CT16+Fahad!CT16+Asif!CT16+sumair!CT16 -> 0 | BV16: =Asghar!CX16+shahzad!CX16+Fahad!CX16+Asif!CX16+sumair!CX16 -> 0 | BW16: =Asghar!DB16+shahzad!DB16+Fahad!DB16+Asif!DB16+sumair!DB16 -> 0 | BX16: =Asghar!DF16+shahzad!DF16+Fahad!DF16+Asif!DF16+sumair!DF16 -> 0 | BY16: =Asghar!DJ16+shahzad!DJ16+Fahad!DJ16+Asif!DJ16+sumair!DJ16 -> 0 | BZ16: =Asghar!DN16+shahzad!DN16+Fahad!DN16+Asif!DN16+sumair!DN16 -> 0 | CA16: =Asghar!DR16+shahzad!DR16+Fahad!DR16+Asif!DR16+sumair!DR16 -> 0 | CB16: =Asghar!DV16+shahzad!DV16+Fahad!DV16+Asif!DV16+sumair!DV16 -> 0 | CC16: =Asghar!DZ16+shahzad!DZ16+Fahad!DZ16+Asif!DZ16+sumair!DZ16 -> 0 | CD16: =SUM(AY16:CC16) -> 0 | CF16: =N16 -> 9.5 | CG16: =AW16 -> 0 | CH16: =CG16+CF16 -> 9.5 | CI16: =CD16 -> 0 | CJ16: =CH16-CI16 -> 9.5
B17: 101931 | C17: PREMIUM WATERMELON JELLY RS50 12BGX8BX | D17: 12 | E17: 8 | F17: 481.13468 | H17: 19 | I17: 5 | L17: =I17/E17 -> 0.625 | M17: =I17/E17 -> 0.625 | N17: =M17+H17 -> 19.625 | O17: =N17*E17 -> 157 | P17: =O17*F17 -> 75538.144 | AW17: =SUM(R17:AV17) -> 0 | AY17: =Asghar!J17+shahzad!J17+Fahad!J17+Asif!J17+sumair!J17 -> 0 | AZ17: =Asghar!N17+shahzad!N17+Fahad!N17+Asif!N17+sumair!N17 -> 0 | BA17: =Asghar!R17+shahzad!R17+Fahad!R17+Asif!R17+sumair!R17 -> 0 | BB17: =Asghar!V17+shahzad!V17+Fahad!V17+Asif!V17+sumair!V17 -> 0 | BC17: =Asghar!Z17+shahzad!Z17+Fahad!Z17+Asif!Z17+sumair!Z17 -> 0 | BD17: =Asghar!AD17+shahzad!AD17+Fahad!AD17+Asif!AD17+sumair!AD17 -> 0 | BE17: =Asghar!AH17+shahzad!AH17+Fahad!AH17+Asif!AH17+sumair!AH17 -> 0 | BF17: =Asghar!AL17+shahzad!AL17+Fahad!AL17+Asif!AL17+sumair!AL17 -> 0 | BG17: =Asghar!AP17+shahzad!AP17+Fahad!AP17+Asif!AP17+sumair!AP17 -> 0 | BH17: =Asghar!AT17+shahzad!AT17+Fahad!AT17+Asif!AT17+sumair!AT17 -> 0 | BI17: =Asghar!AX17+shahzad!AX17+Fahad!AX17+Asif!AX17+sumair!AX17 -> 0 | BJ17: =Asghar!BB17+shahzad!BB17+Fahad!BB17+Asif!BB17+sumair!BB17 -> 0 | BK17: =Asghar!BF17+shahzad!BF17+Fahad!BF17+Asif!BF17+sumair!BF17 -> 0 | BL17: =Asghar!BJ17+shahzad!BJ17+Fahad!BJ17+Asif!BJ17+sumair!BJ17 -> 0 | BM17: =Asghar!BN17+shahzad!BN17+Fahad!BN17+Asif!BN17+sumair!BN17 -> 0 | BN17: =Asghar!BR17+shahzad!BR17+Fahad!BR17+Asif!BR17+sumair!BR17 -> 0 | BO17: =Asghar!BV17+shahzad!BV17+Fahad!BV17+Asif!BV17+sumair!BV17 -> 0 | BP17: =Asghar!BZ17+shahzad!BZ17+Fahad!BZ17+Asif!BZ17+sumair!BZ17 -> 0 | BQ17: =Asghar!CD17+shahzad!CD17+Fahad!CD17+Asif!CD17+sumair!CD17 -> 0 | BR17: =Asghar!CH17+shahzad!CH17+Fahad!CH17+Asif!CH17+sumair!CH17 -> 0 | BS17: =Asghar!CL17+shahzad!CL17+Fahad!CL17+Asif!CL17+sumair!CL17 -> 0 | BT17: =Asghar!CP17+shahzad!CP17+Fahad!CP17+Asif!CP17+sumair!CP17 -> 0 | BU17: =Asghar!CT17+shahzad!CT17+Fahad!CT17+Asif!CT17+sumair!CT17 -> 0 | BV17: =Asghar!CX17+shahzad!CX17+Fahad!CX17+Asif!CX17+sumair!CX17 -> 0 | BW17: =Asghar!DB17+shahzad!DB17+Fahad!DB17+Asif!DB17+sumair!DB17 -> 0 | BX17: =Asghar!DF17+shahzad!DF17+Fahad!DF17+Asif!DF17+sumair!DF17 -> 0 | BY17: =Asghar!DJ17+shahzad!DJ17+Fahad!DJ17+Asif!DJ17+sumair!DJ17 -> 0 | BZ17: =Asghar!DN17+shahzad!DN17+Fahad!DN17+Asif!DN17+sumair!DN17 -> 0 | CA17: =Asghar!DR17+shahzad!DR17+Fahad!DR17+Asif!DR17+sumair!DR17 -> 0 | CB17: =Asghar!DV17+shahzad!DV17+Fahad!DV17+Asif!DV17+sumair!DV17 -> 0 | CC17: =Asghar!DZ17+shahzad!DZ17+Fahad!DZ17+Asif!DZ17+sumair!DZ17 -> 0 | CD17: =SUM(AY17:CC17) -> 0 | CF17: =N17 -> 19.625 | CG17: =AW17 -> 0 | CH17: =CG17+CF17 -> 19.625 | CI17: =CD17 -> 0 | CJ17: =CH17-CI17 -> 19.625
B18: 101932 | C18: PREMIUM NEON CRAWLER JELY RS50 12BGX8BX | D18: 12 | E18: 8 | F18: 481.13468 | I18: 7 | L18: =I18/E18 -> 0.875 | M18: =I18/E18 -> 0.875 | N18: =M18+H18 -> 0.875 | O18: =N18*E18 -> 7 | P18: =O18*F18 -> 3367.9427 | AW18: =SUM(R18:AV18) -> 0 | AY18: =Asghar!J18+shahzad!J18+Fahad!J18+Asif!J18+sumair!J18 -> 0 | AZ18: =Asghar!N18+shahzad!N18+Fahad!N18+Asif!N18+sumair!N18 -> 0 | BA18: =Asghar!R18+shahzad!R18+Fahad!R18+Asif!R18+sumair!R18 -> 0 | BB18: =Asghar!V18+shahzad!V18+Fahad!V18+Asif!V18+sumair!V18 -> 0 | BC18: =Asghar!Z18+shahzad!Z18+Fahad!Z18+Asif!Z18+sumair!Z18 -> 0 | BD18: =Asghar!AD18+shahzad!AD18+Fahad!AD18+Asif!AD18+sumair!AD18 -> 0 | BE18: =Asghar!AH18+shahzad!AH18+Fahad!AH18+Asif!AH18+sumair!AH18 -> 0 | BF18: =Asghar!AL18+shahzad!AL18+Fahad!AL18+Asif!AL18+sumair!AL18 -> 0 | BG18: =Asghar!AP18+shahzad!AP18+Fahad!AP18+Asif!AP18+sumair!AP18 -> 0 | BH18: =Asghar!AT18+shahzad!AT18+Fahad!AT18+Asif!AT18+sumair!AT18 -> 0 | BI18: =Asghar!AX18+shahzad!AX18+Fahad!AX18+Asif!AX18+sumair!AX18 -> 0 | BJ18: =Asghar!BB18+shahzad!BB18+Fahad!BB18+Asif!BB18+sumair!BB18 -> 0 | BK18: =Asghar!BF18+shahzad!BF18+Fahad!BF18+Asif!BF18+sumair!BF18 -> 0 | BL18: =Asghar!BJ18+shahzad!BJ18+Fahad!BJ18+Asif!BJ18+sumair!BJ18 -> 0 | BM18: =Asghar!BN18+shahzad!BN18+Fahad!BN18+Asif!BN18+sumair!BN18 -> 0 | BN18: =Asghar!BR18+shahzad!BR18+Fahad!BR18+Asif!BR18+sumair!BR18 -> 0 | BO18: =Asghar!BV18+shahzad!BV18+Fahad!BV18+Asif!BV18+sumair!BV18 -> 0 | BP18: =Asghar!BZ18+shahzad!BZ18+Fahad!BZ18+Asif!BZ18+sumair!BZ18 -> 0 | BQ18: =Asghar!CD18+shahzad!CD18+Fahad!CD18+Asif!CD18+sumair!CD18 -> 0 | BR18: =Asghar!CH18+shahzad!CH18+Fahad!CH18+Asif!CH18+sumair!CH18 -> 0 | BS18: =Asghar!CL18+shahzad!CL18+Fahad!CL18+Asif!CL18+sumair!CL18 -> 0 | BT18: =Asghar!CP18+shahzad!CP18+Fahad!CP18+Asif!CP18+sumair!CP18 -> 0 | BU18: =Asghar!CT18+shahzad!CT18+Fahad!CT18+Asif!CT18+sumair!CT18 -> 0 | BV18: =Asghar!CX18+shahzad!CX18+Fahad!CX18+Asif!CX18+sumair!CX18 -> 0 | BW18: =Asghar!DB18+shahzad!DB18+Fahad!DB18+Asif!DB18+sumair!DB18 -> 0 | BX18: =Asghar!DF18+shahzad!DF18+Fahad!DF18+Asif!DF18+sumair!DF18 -> 0 | BY18: =Asghar!DJ18+shahzad!DJ18+Fahad!DJ18+Asif!DJ18+sumair!DJ18 -> 0 | BZ18: =Asghar!DN18+shahzad!DN18+Fahad!DN18+Asif!DN18+sumair!DN18 -> 0 | CA18: =Asghar!DR18+shahzad!DR18+Fahad!DR18+Asif!DR18+sumair!DR18 -> 0 | CB18: =Asghar!DV18+shahzad!DV18+Fahad!DV18+Asif!DV18+sumair!DV18 -> 0 | CC18: =Asghar!DZ18+shahzad!DZ18+Fahad!DZ18+Asif!DZ18+sumair!DZ18 -> 0 | CD18: =SUM(AY18:CC18) -> 0 | CF18: =N18 -> 0.875 | CG18: =AW18 -> 0 | CH18: =CG18+CF18 -> 0.875 | CI18: =CD18 -> 0 | CJ18: =CH18-CI18 -> 0.875
B19: 101933 | C19: PREMIUM COLA BOTTLE JELY RS50 12BGX8BX | D19: 12 | E19: 8 | F19: 481.13468 | H19: 18 | I19: 2 | L19: =I19/E19 -> 0.25 | M19: =I19/E19 -> 0.25 | N19: =M19+H19 -> 18.25 | O19: =N19*E19 -> 146 | P19: =O19*F19 -> 70245.663 | AW19: =SUM(R19:AV19) -> 0 | AY19: =Asghar!J19+shahzad!J19+Fahad!J19+Asif!J19+sumair!J19 -> 0 | AZ19: =Asghar!N19+shahzad!N19+Fahad!N19+Asif!N19+sumair!N19 -> 0 | BA19: =Asghar!R19+shahzad!R19+Fahad!R19+Asif!R19+sumair!R19 -> 0 | BB19: =Asghar!V19+shahzad!V19+Fahad!V19+Asif!V19+sumair!V19 -> 0 | BC19: =Asghar!Z19+shahzad!Z19+Fahad!Z19+Asif!Z19+sumair!Z19 -> 0 | BD19: =Asghar!AD19+shahzad!AD19+Fahad!AD19+Asif!AD19+sumair!AD19 -> 0 | BE19: =Asghar!AH19+shahzad!AH19+Fahad!AH19+Asif!AH19+sumair!AH19 -> 0 | BF19: =Asghar!AL19+shahzad!AL19+Fahad!AL19+Asif!AL19+sumair!AL19 -> 0 | BG19: =Asghar!AP19+shahzad!AP19+Fahad!AP19+Asif!AP19+sumair!AP19 -> 0 | BH19: =Asghar!AT19+shahzad!AT19+Fahad!AT19+Asif!AT19+sumair!AT19 -> 0 | BI19: =Asghar!AX19+shahzad!AX19+Fahad!AX19+Asif!AX19+sumair!AX19 -> 0 | BJ19: =Asghar!BB19+shahzad!BB19+Fahad!BB19+Asif!BB19+sumair!BB19 -> 0 | BK19: =Asghar!BF19+shahzad!BF19+Fahad!BF19+Asif!BF19+sumair!BF19 -> 0 | BL19: =Asghar!BJ19+shahzad!BJ19+Fahad!BJ19+Asif!BJ19+sumair!BJ19 -> 0 | BM19: =Asghar!BN19+shahzad!BN19+Fahad!BN19+Asif!BN19+sumair!BN19 -> 0 | BN19: =Asghar!BR19+shahzad!BR19+Fahad!BR19+Asif!BR19+sumair!BR19 -> 0 | BO19: =Asghar!BV19+shahzad!BV19+Fahad!BV19+Asif!BV19+sumair!BV19 -> 0 | BP19: =Asghar!BZ19+shahzad!BZ19+Fahad!BZ19+Asif!BZ19+sumair!BZ19 -> 0 | BQ19: =Asghar!CD19+shahzad!CD19+Fahad!CD19+Asif!CD19+sumair!CD19 -> 0 | BR19: =Asghar!CH19+shahzad!CH19+Fahad!CH19+Asif!CH19+sumair!CH19 -> 0 | BS19: =Asghar!CL19+shahzad!CL19+Fahad!CL19+Asif!CL19+sumair!CL19 -> 0 | BT19: =Asghar!CP19+shahzad!CP19+Fahad!CP19+Asif!CP19+sumair!CP19 -> 0 | BU19: =Asghar!CT19+shahzad!CT19+Fahad!CT19+Asif!CT19+sumair!CT19 -> 0 | BV19: =Asghar!CX19+shahzad!CX19+Fahad!CX19+Asif!CX19+sumair!CX19 -> 0 | BW19: =Asghar!DB19+shahzad!DB19+Fahad!DB19+Asif!DB19+sumair!DB19 -> 0 | BX19: =Asghar!DF19+shahzad!DF19+Fahad!DF19+Asif!DF19+sumair!DF19 -> 0 | BY19: =Asghar!DJ19+shahzad!DJ19+Fahad!DJ19+Asif!DJ19+sumair!DJ19 -> 0 | BZ19: =Asghar!DN19+shahzad!DN19+Fahad!DN19+Asif!DN19+sumair!DN19 -> 0 | CA19: =Asghar!DR19+shahzad!DR19+Fahad!DR19+Asif!DR19+sumair!DR19 -> 0 | CB19: =Asghar!DV19+shahzad!DV19+Fahad!DV19+Asif!DV19+sumair!DV19 -> 0 | CC19: =Asghar!DZ19+shahzad!DZ19+Fahad!DZ19+Asif!DZ19+sumair!DZ19 -> 0 | CD19: =SUM(AY19:CC19) -> 0 | CF19: =N19 -> 18.25 | CG19: =AW19 -> 0 | CH19: =CG19+CF19 -> 18.25 | CI19: =CD19 -> 0 | CJ19: =CH19-CI19 -> 18.25
B20: 101934 | C20: Mango - Premium - Rs. 50 - (12X8) - Box | D20: 12 | E20: 8 | F20: 481.13468 | L20: =I20/E20 -> 0 | M20: =I20/E20 -> 0 | N20: =M20+H20 -> 0 | O20: =N20*E20 -> 0 | P20: =O20*F20 -> 0 | AW20: =SUM(R20:AV20) -> 0 | AY20: =Asghar!J20+shahzad!J20+Fahad!J20+Asif!J20+sumair!J20 -> 0 | AZ20: =Asghar!N20+shahzad!N20+Fahad!N20+Asif!N20+sumair!N20 -> 0 | BA20: =Asghar!R20+shahzad!R20+Fahad!R20+Asif!R20+sumair!R20 -> 0 | BB20: =Asghar!V20+shahzad!V20+Fahad!V20+Asif!V20+sumair!V20 -> 0 | BC20: =Asghar!Z20+shahzad!Z20+Fahad!Z20+Asif!Z20+sumair!Z20 -> 0 | BD20: =Asghar!AD20+shahzad!AD20+Fahad!AD20+Asif!AD20+sumair!AD20 -> 0 | BE20: =Asghar!AH20+shahzad!AH20+Fahad!AH20+Asif!AH20+sumair!AH20 -> 0 | BF20: =Asghar!AL20+shahzad!AL20+Fahad!AL20+Asif!AL20+sumair!AL20 -> 0 | BG20: =Asghar!AP20+shahzad!AP20+Fahad!AP20+Asif!AP20+sumair!AP20 -> 0 | BH20: =Asghar!AT20+shahzad!AT20+Fahad!AT20+Asif!AT20+sumair!AT20 -> 0 | BI20: =Asghar!AX20+shahzad!AX20+Fahad!AX20+Asif!AX20+sumair!AX20 -> 0 | BJ20: =Asghar!BB20+shahzad!BB20+Fahad!BB20+Asif!BB20+sumair!BB20 -> 0 | BK20: =Asghar!BF20+shahzad!BF20+Fahad!BF20+Asif!BF20+sumair!BF20 -> 0 | BL20: =Asghar!BJ20+shahzad!BJ20+Fahad!BJ20+Asif!BJ20+sumair!BJ20 -> 0 | BM20: =Asghar!BN20+shahzad!BN20+Fahad!BN20+Asif!BN20+sumair!BN20 -> 0 | BN20: =Asghar!BR20+shahzad!BR20+Fahad!BR20+Asif!BR20+sumair!BR20 -> 0 | BO20: =Asghar!BV20+shahzad!BV20+Fahad!BV20+Asif!BV20+sumair!BV20 -> 0 | BP20: =Asghar!BZ20+shahzad!BZ20+Fahad!BZ20+Asif!BZ20+sumair!BZ20 -> 0 | BQ20: =Asghar!CD20+shahzad!CD20+Fahad!CD20+Asif!CD20+sumair!CD20 -> 0 | BR20: =Asghar!CH20+shahzad!CH20+Fahad!CH20+Asif!CH20+sumair!CH20 -> 0 | BS20: =Asghar!CL20+shahzad!CL20+Fahad!CL20+Asif!CL20+sumair!CL20 -> 0 | BT20: =Asghar!CP20+shahzad!CP20+Fahad!CP20+Asif!CP20+sumair!CP20 -> 0 | BU20: =Asghar!CT20+shahzad!CT20+Fahad!CT20+Asif!CT20+sumair!CT20 -> 0 | BV20: =Asghar!CX20+shahzad!CX20+Fahad!CX20+Asif!CX20+sumair!CX20 -> 0 | BW20: =Asghar!DB20+shahzad!DB20+Fahad!DB20+Asif!DB20+sumair!DB20 -> 0 | BX20: =Asghar!DF20+shahzad!DF20+Fahad!DF20+Asif!DF20+sumair!DF20 -> 0 | BY20: =Asghar!DJ20+shahzad!DJ20+Fahad!DJ20+Asif!DJ20+sumair!DJ20 -> 0 | BZ20: =Asghar!DN20+shahzad!DN20+Fahad!DN20+Asif!DN20+sumair!DN20 -> 0 | CA20: =Asghar!DR20+shahzad!DR20+Fahad!DR20+Asif!DR20+sumair!DR20 -> 0 | CB20: =Asghar!DV20+shahzad!DV20+Fahad!DV20+Asif!DV20+sumair!DV20 -> 0 | CC20: =Asghar!DZ20+shahzad!DZ20+Fahad!DZ20+Asif!DZ20+sumair!DZ20 -> 0 | CD20: =SUM(AY20:CC20) -> 0 | CF20: =N20 -> 0 | CG20: =AW20 -> 0 | CH20: =CG20+CF20 -> 0 | CI20: =CD20 -> 0 | CJ20: =CH20-CI20 -> 0
B21: 102155 | C21: BUBBLE YOUR NAME RS 5 100 PC/JARX12 JARS | D21: 1 | E21: 12 | F21: 394.37248 | H21: 5 | I21: 10 | L21: =I21/E21 -> 0.83333333 | M21: =I21/E21 -> 0.83333333 | N21: =M21+H21 -> 5.8333333 | O21: =N21*E21 -> 70 | P21: =O21*F21 -> 27606.074 | AW21: =SUM(R21:AV21) -> 0 | AY21: =Asghar!J21+shahzad!J21+Fahad!J21+Asif!J21+sumair!J21 -> 0 | AZ21: =Asghar!N21+shahzad!N21+Fahad!N21+Asif!N21+sumair!N21 -> 0 | BA21: =Asghar!R21+shahzad!R21+Fahad!R21+Asif!R21+sumair!R21 -> 0 | BB21: =Asghar!V21+shahzad!V21+Fahad!V21+Asif!V21+sumair!V21 -> 0 | BC21: =Asghar!Z21+shahzad!Z21+Fahad!Z21+Asif!Z21+sumair!Z21 -> 0 | BD21: =Asghar!AD21+shahzad!AD21+Fahad!AD21+Asif!AD21+sumair!AD21 -> 0 | BE21: =Asghar!AH21+shahzad!AH21+Fahad!AH21+Asif!AH21+sumair!AH21 -> 0 | BF21: =Asghar!AL21+shahzad!AL21+Fahad!AL21+Asif!AL21+sumair!AL21 -> 0 | BG21: =Asghar!AP21+shahzad!AP21+Fahad!AP21+Asif!AP21+sumair!AP21 -> 0 | BH21: =Asghar!AT21+shahzad!AT21+Fahad!AT21+Asif!AT21+sumair!AT21 -> 0 | BI21: =Asghar!AX21+shahzad!AX21+Fahad!AX21+Asif!AX21+sumair!AX21 -> 0 | BJ21: =Asghar!BB21+shahzad!BB21+Fahad!BB21+Asif!BB21+sumair!BB21 -> 0 | BK21: =Asghar!BF21+shahzad!BF21+Fahad!BF21+Asif!BF21+sumair!BF21 -> 0 | BL21: =Asghar!BJ21+shahzad!BJ21+Fahad!BJ21+Asif!BJ21+sumair!BJ21 -> 0 | BM21: =Asghar!BN21+shahzad!BN21+Fahad!BN21+Asif!BN21+sumair!BN21 -> 0 | BN21: =Asghar!BR21+shahzad!BR21+Fahad!BR21+Asif!BR21+sumair!BR21 -> 0 | BO21: =Asghar!BV21+shahzad!BV21+Fahad!BV21+Asif!BV21+sumair!BV21 -> 0 | BP21: =Asghar!BZ21+shahzad!BZ21+Fahad!BZ21+Asif!BZ21+sumair!BZ21 -> 0 | BQ21: =Asghar!CD21+shahzad!CD21+Fahad!CD21+Asif!CD21+sumair!CD21 -> 0 | BR21: =Asghar!CH21+shahzad!CH21+Fahad!CH21+Asif!CH21+sumair!CH21 -> 0 | BS21: =Asghar!CL21+shahzad!CL21+Fahad!CL21+Asif!CL21+sumair!CL21 -> 0 | BT21: =Asghar!CP21+shahzad!CP21+Fahad!CP21+Asif!CP21+sumair!CP21 -> 0 | BU21: =Asghar!CT21+shahzad!CT21+Fahad!CT21+Asif!CT21+sumair!CT21 -> 0 | BV21: =Asghar!CX21+shahzad!CX21+Fahad!CX21+Asif!CX21+sumair!CX21 -> 0 | BW21: =Asghar!DB21+shahzad!DB21+Fahad!DB21+Asif!DB21+sumair!DB21 -> 0 | BX21: =Asghar!DF21+shahzad!DF21+Fahad!DF21+Asif!DF21+sumair!DF21 -> 0 | BY21: =Asghar!DJ21+shahzad!DJ21+Fahad!DJ21+Asif!DJ21+sumair!DJ21 -> 0 | BZ21: =Asghar!DN21+shahzad!DN21+Fahad!DN21+Asif!DN21+sumair!DN21 -> 0 | CA21: =Asghar!DR21+shahzad!DR21+Fahad!DR21+Asif!DR21+sumair!DR21 -> 0 | CB21: =Asghar!DV21+shahzad!DV21+Fahad!DV21+Asif!DV21+sumair!DV21 -> 0 | CC21: =Asghar!DZ21+shahzad!DZ21+Fahad!DZ21+Asif!DZ21+sumair!DZ21 -> 0 | CD21: =SUM(AY21:CC21) -> 0 | CF21: =N21 -> 5.8333333 | CG21: =AW21 -> 0 | CH21: =CG21+CF21 -> 5.8333333 | CI21: =CD21 -> 0 | CJ21: =CH21-CI21 -> 5.8333333
B22: 102157 | C22: Bubble Yr Name - Rs. 5 - (50 x 18) - Box | D22: 50 | E22: 18 | F22: 200.47282 | H22: 4 | I22: 9 | L22: =I22/E22 -> 0.5 | M22: =I22/E22 -> 0.5 | N22: =M22+H22 -> 4.5 | O22: =N22*E22 -> 81 | P22: =O22*F22 -> 16238.299 | AW22: =SUM(R22:AV22) -> 0 | AY22: =Asghar!J22+shahzad!J22+Fahad!J22+Asif!J22+sumair!J22 -> 0 | AZ22: =Asghar!N22+shahzad!N22+Fahad!N22+Asif!N22+sumair!N22 -> 0 | BA22: =Asghar!R22+shahzad!R22+Fahad!R22+Asif!R22+sumair!R22 -> 0 | BB22: =Asghar!V22+shahzad!V22+Fahad!V22+Asif!V22+sumair!V22 -> 0 | BC22: =Asghar!Z22+shahzad!Z22+Fahad!Z22+Asif!Z22+sumair!Z22 -> 0 | BD22: =Asghar!AD22+shahzad!AD22+Fahad!AD22+Asif!AD22+sumair!AD22 -> 0 | BE22: =Asghar!AH22+shahzad!AH22+Fahad!AH22+Asif!AH22+sumair!AH22 -> 0 | BF22: =Asghar!AL22+shahzad!AL22+Fahad!AL22+Asif!AL22+sumair!AL22 -> 0 | BG22: =Asghar!AP22+shahzad!AP22+Fahad!AP22+Asif!AP22+sumair!AP22 -> 0 | BH22: =Asghar!AT22+shahzad!AT22+Fahad!AT22+Asif!AT22+sumair!AT22 -> 0 | BI22: =Asghar!AX22+shahzad!AX22+Fahad!AX22+Asif!AX22+sumair!AX22 -> 0 | BJ22: =Asghar!BB22+shahzad!BB22+Fahad!BB22+Asif!BB22+sumair!BB22 -> 0 | BK22: =Asghar!BF22+shahzad!BF22+Fahad!BF22+Asif!BF22+sumair!BF22 -> 0 | BL22: =Asghar!BJ22+shahzad!BJ22+Fahad!BJ22+Asif!BJ22+sumair!BJ22 -> 0 | BM22: =Asghar!BN22+shahzad!BN22+Fahad!BN22+Asif!BN22+sumair!BN22 -> 0 | BN22: =Asghar!BR22+shahzad!BR22+Fahad!BR22+Asif!BR22+sumair!BR22 -> 0 | BO22: =Asghar!BV22+shahzad!BV22+Fahad!BV22+Asif!BV22+sumair!BV22 -> 0 | BP22: =Asghar!BZ22+shahzad!BZ22+Fahad!BZ22+Asif!BZ22+sumair!BZ22 -> 0 | BQ22: =Asghar!CD22+shahzad!CD22+Fahad!CD22+Asif!CD22+sumair!CD22 -> 0 | BR22: =Asghar!CH22+shahzad!CH22+Fahad!CH22+Asif!CH22+sumair!CH22 -> 0 | BS22: =Asghar!CL22+shahzad!CL22+Fahad!CL22+Asif!CL22+sumair!CL22 -> 0 | BT22: =Asghar!CP22+shahzad!CP22+Fahad!CP22+Asif!CP22+sumair!CP22 -> 0 | BU22: =Asghar!CT22+shahzad!CT22+Fahad!CT22+Asif!CT22+sumair!CT22 -> 0 | BV22: =Asghar!CX22+shahzad!CX22+Fahad!CX22+Asif!CX22+sumair!CX22 -> 0 | BW22: =Asghar!DB22+shahzad!DB22+Fahad!DB22+Asif!DB22+sumair!DB22 -> 0 | BX22: =Asghar!DF22+shahzad!DF22+Fahad!DF22+Asif!DF22+sumair!DF22 -> 0 | BY22: =Asghar!DJ22+shahzad!DJ22+Fahad!DJ22+Asif!DJ22+sumair!DJ22 -> 0 | BZ22: =Asghar!DN22+shahzad!DN22+Fahad!DN22+Asif!DN22+sumair!DN22 -> 0 | CA22: =Asghar!DR22+shahzad!DR22+Fahad!DR22+Asif!DR22+sumair!DR22 -> 0 | CB22: =Asghar!DV22+shahzad!DV22+Fahad!DV22+Asif!DV22+sumair!DV22 -> 0 | CC22: =Asghar!DZ22+shahzad!DZ22+Fahad!DZ22+Asif!DZ22+sumair!DZ22 -> 0 | CD22: =SUM(AY22:CC22) -> 0 | CF22: =N22 -> 4.5 | CG22: =AW22 -> 0 | CH22: =CG22+CF22 -> 4.5 | CI22: =CD22 -> 0 | CJ22: =CH22-CI22 -> 4.5
B23: 102926 | C23: BUBBLE POP GUM RS 5 50 PC X 18 BOX | D23: 50 | E23: 18 | F23: 197.18624 | H23: 68 | L23: =I23/E23 -> 0 | M23: =I23/E23 -> 0 | N23: =M23+H23 -> 68 | O23: =N23*E23 -> 1224 | P23: =O23*F23 -> 241355.96 | AW23: =SUM(R23:AV23) -> 0 | AY23: =Asghar!J23+shahzad!J23+Fahad!J23+Asif!J23+sumair!J23 -> 0 | AZ23: =Asghar!N23+shahzad!N23+Fahad!N23+Asif!N23+sumair!N23 -> 0 | BA23: =Asghar!R23+shahzad!R23+Fahad!R23+Asif!R23+sumair!R23 -> 0 | BB23: =Asghar!V23+shahzad!V23+Fahad!V23+Asif!V23+sumair!V23 -> 0 | BC23: =Asghar!Z23+shahzad!Z23+Fahad!Z23+Asif!Z23+sumair!Z23 -> 0 | BD23: =Asghar!AD23+shahzad!AD23+Fahad!AD23+Asif!AD23+sumair!AD23 -> 0 | BE23: =Asghar!AH23+shahzad!AH23+Fahad!AH23+Asif!AH23+sumair!AH23 -> 0 | BF23: =Asghar!AL23+shahzad!AL23+Fahad!AL23+Asif!AL23+sumair!AL23 -> 0 | BG23: =Asghar!AP23+shahzad!AP23+Fahad!AP23+Asif!AP23+sumair!AP23 -> 0 | BH23: =Asghar!AT23+shahzad!AT23+Fahad!AT23+Asif!AT23+sumair!AT23 -> 0 | BI23: =Asghar!AX23+shahzad!AX23+Fahad!AX23+Asif!AX23+sumair!AX23 -> 0 | BJ23: =Asghar!BB23+shahzad!BB23+Fahad!BB23+Asif!BB23+sumair!BB23 -> 0 | BK23: =Asghar!BF23+shahzad!BF23+Fahad!BF23+Asif!BF23+sumair!BF23 -> 0 | BL23: =Asghar!BJ23+shahzad!BJ23+Fahad!BJ23+Asif!BJ23+sumair!BJ23 -> 0 | BM23: =Asghar!BN23+shahzad!BN23+Fahad!BN23+Asif!BN23+sumair!BN23 -> 0 | BN23: =Asghar!BR23+shahzad!BR23+Fahad!BR23+Asif!BR23+sumair!BR23 -> 0 | BO23: =Asghar!BV23+shahzad!BV23+Fahad!BV23+Asif!BV23+sumair!BV23 -> 0 | BP23: =Asghar!BZ23+shahzad!BZ23+Fahad!BZ23+Asif!BZ23+sumair!BZ23 -> 0 | BQ23: =Asghar!CD23+shahzad!CD23+Fahad!CD23+Asif!CD23+sumair!CD23 -> 0 | BR23: =Asghar!CH23+shahzad!CH23+Fahad!CH23+Asif!CH23+sumair!CH23 -> 0 | BS23: =Asghar!CL23+shahzad!CL23+Fahad!CL23+Asif!CL23+sumair!CL23 -> 0 | BT23: =Asghar!CP23+shahzad!CP23+Fahad!CP23+Asif!CP23+sumair!CP23 -> 0 | BU23: =Asghar!CT23+shahzad!CT23+Fahad!CT23+Asif!CT23+sumair!CT23 -> 0 | BV23: =Asghar!CX23+shahzad!CX23+Fahad!CX23+Asif!CX23+sumair!CX23 -> 0 | BW23: =Asghar!DB23+shahzad!DB23+Fahad!DB23+Asif!DB23+sumair!DB23 -> 0 | BX23: =Asghar!DF23+shahzad!DF23+Fahad!DF23+Asif!DF23+sumair!DF23 -> 0 | BY23: =Asghar!DJ23+shahzad!DJ23+Fahad!DJ23+Asif!DJ23+sumair!DJ23 -> 0 | BZ23: =Asghar!DN23+shahzad!DN23+Fahad!DN23+Asif!DN23+sumair!DN23 -> 0 | CA23: =Asghar!DR23+shahzad!DR23+Fahad!DR23+Asif!DR23+sumair!DR23 -> 0 | CB23: =Asghar!DV23+shahzad!DV23+Fahad!DV23+Asif!DV23+sumair!DV23 -> 0 | CC23: =Asghar!DZ23+shahzad!DZ23+Fahad!DZ23+Asif!DZ23+sumair!DZ23 -> 0 | CD23: =SUM(AY23:CC23) -> 0 | CF23: =N23 -> 68 | CG23: =AW23 -> 0 | CH23: =CG23+CF23 -> 68 | CI23: =CD23 -> 0 | CJ23: =CH23-CI23 -> 68
B24: 102929 | C24: Bubble Pop Classic -Rs.5-(50x18) - Box | D24: 50 | E24: 18 | F24: 200.47282 | H24: 16 | I24: 8 | L24: =I24/E24 -> 0.44444444 | M24: =I24/E24 -> 0.44444444 | N24: =M24+H24 -> 16.444444 | O24: =N24*E24 -> 296 | P24: =O24*F24 -> 59339.955 | AW24: =SUM(R24:AV24) -> 0 | AY24: =Asghar!J24+shahzad!J24+Fahad!J24+Asif!J24+sumair!J24 -> 0 | AZ24: =Asghar!N24+shahzad!N24+Fahad!N24+Asif!N24+sumair!N24 -> 0 | BA24: =Asghar!R24+shahzad!R24+Fahad!R24+Asif!R24+sumair!R24 -> 0 | BB24: =Asghar!V24+shahzad!V24+Fahad!V24+Asif!V24+sumair!V24 -> 0 | BC24: =Asghar!Z24+shahzad!Z24+Fahad!Z24+Asif!Z24+sumair!Z24 -> 0 | BD24: =Asghar!AD24+shahzad!AD24+Fahad!AD24+Asif!AD24+sumair!AD24 -> 0 | BE24: =Asghar!AH24+shahzad!AH24+Fahad!AH24+Asif!AH24+sumair!AH24 -> 0 | BF24: =Asghar!AL24+shahzad!AL24+Fahad!AL24+Asif!AL24+sumair!AL24 -> 0 | BG24: =Asghar!AP24+shahzad!AP24+Fahad!AP24+Asif!AP24+sumair!AP24 -> 0 | BH24: =Asghar!AT24+shahzad!AT24+Fahad!AT24+Asif!AT24+sumair!AT24 -> 0 | BI24: =Asghar!AX24+shahzad!AX24+Fahad!AX24+Asif!AX24+sumair!AX24 -> 0 | BJ24: =Asghar!BB24+shahzad!BB24+Fahad!BB24+Asif!BB24+sumair!BB24 -> 0 | BK24: =Asghar!BF24+shahzad!BF24+Fahad!BF24+Asif!BF24+sumair!BF24 -> 0 | BL24: =Asghar!BJ24+shahzad!BJ24+Fahad!BJ24+Asif!BJ24+sumair!BJ24 -> 0 | BM24: =Asghar!BN24+shahzad!BN24+Fahad!BN24+Asif!BN24+sumair!BN24 -> 0 | BN24: =Asghar!BR24+shahzad!BR24+Fahad!BR24+Asif!BR24+sumair!BR24 -> 0 | BO24: =Asghar!BV24+shahzad!BV24+Fahad!BV24+Asif!BV24+sumair!BV24 -> 0 | BP24: =Asghar!BZ24+shahzad!BZ24+Fahad!BZ24+Asif!BZ24+sumair!BZ24 -> 0 | BQ24: =Asghar!CD24+shahzad!CD24+Fahad!CD24+Asif!CD24+sumair!CD24 -> 0 | BR24: =Asghar!CH24+shahzad!CH24+Fahad!CH24+Asif!CH24+sumair!CH24 -> 0 | BS24: =Asghar!CL24+shahzad!CL24+Fahad!CL24+Asif!CL24+sumair!CL24 -> 0 | BT24: =Asghar!CP24+shahzad!CP24+Fahad!CP24+Asif!CP24+sumair!CP24 -> 0 | BU24: =Asghar!CT24+shahzad!CT24+Fahad!CT24+Asif!CT24+sumair!CT24 -> 0 | BV24: =Asghar!CX24+shahzad!CX24+Fahad!CX24+Asif!CX24+sumair!CX24 -> 0 | BW24: =Asghar!DB24+shahzad!DB24+Fahad!DB24+Asif!DB24+sumair!DB24 -> 0 | BX24: =Asghar!DF24+shahzad!DF24+Fahad!DF24+Asif!DF24+sumair!DF24 -> 0 | BY24: =Asghar!DJ24+shahzad!DJ24+Fahad!DJ24+Asif!DJ24+sumair!DJ24 -> 0 | BZ24: =Asghar!DN24+shahzad!DN24+Fahad!DN24+Asif!DN24+sumair!DN24 -> 0 | CA24: =Asghar!DR24+shahzad!DR24+Fahad!DR24+Asif!DR24+sumair!DR24 -> 0 | CB24: =Asghar!DV24+shahzad!DV24+Fahad!DV24+Asif!DV24+sumair!DV24 -> 0 | CC24: =Asghar!DZ24+shahzad!DZ24+Fahad!DZ24+Asif!DZ24+sumair!DZ24 -> 0 | CD24: =SUM(AY24:CC24) -> 0 | CF24: =N24 -> 16.444444 | CG24: =AW24 -> 0 | CH24: =CG24+CF24 -> 16.444444 | CI24: =CD24 -> 0 | CJ24: =CH24-CI24 -> 16.444444
B25: 103008 | C25: Dewy Chewy Strawberry-Rs.5-(50 x 18)-Jar | D25: 18 | E25: 18 | F25: 198.24262 | H25: 40 | I25: 12 | L25: =I25/E25 -> 0.66666667 | M25: =I25/E25 -> 0.66666667 | N25: =M25+H25 -> 40.666667 | O25: =N25*E25 -> 732 | P25: =O25*F25 -> 145113.6 | AW25: =SUM(R25:AV25) -> 0 | AY25: =Asghar!J25+shahzad!J25+Fahad!J25+Asif!J25+sumair!J25 -> 0 | AZ25: =Asghar!N25+shahzad!N25+Fahad!N25+Asif!N25+sumair!N25 -> 0 | BA25: =Asghar!R25+shahzad!R25+Fahad!R25+Asif!R25+sumair!R25 -> 0 | BB25: =Asghar!V25+shahzad!V25+Fahad!V25+Asif!V25+sumair!V25 -> 0 | BC25: =Asghar!Z25+shahzad!Z25+Fahad!Z25+Asif!Z25+sumair!Z25 -> 0 | BD25: =Asghar!AD25+shahzad!AD25+Fahad!AD25+Asif!AD25+sumair!AD25 -> 0 | BE25: =Asghar!AH25+shahzad!AH25+Fahad!AH25+Asif!AH25+sumair!AH25 -> 0 | BF25: =Asghar!AL25+shahzad!AL25+Fahad!AL25+Asif!AL25+sumair!AL25 -> 0 | BG25: =Asghar!AP25+shahzad!AP25+Fahad!AP25+Asif!AP25+sumair!AP25 -> 0 | BH25: =Asghar!AT25+shahzad!AT25+Fahad!AT25+Asif!AT25+sumair!AT25 -> 0 | BI25: =Asghar!AX25+shahzad!AX25+Fahad!AX25+Asif!AX25+sumair!AX25 -> 0 | BJ25: =Asghar!BB25+shahzad!BB25+Fahad!BB25+Asif!BB25+sumair!BB25 -> 0 | BK25: =Asghar!BF25+shahzad!BF25+Fahad!BF25+Asif!BF25+sumair!BF25 -> 0 | BL25: =Asghar!BJ25+shahzad!BJ25+Fahad!BJ25+Asif!BJ25+sumair!BJ25 -> 0 | BM25: =Asghar!BN25+shahzad!BN25+Fahad!BN25+Asif!BN25+sumair!BN25 -> 0 | BN25: =Asghar!BR25+shahzad!BR25+Fahad!BR25+Asif!BR25+sumair!BR25 -> 0 | BO25: =Asghar!BV25+shahzad!BV25+Fahad!BV25+Asif!BV25+sumair!BV25 -> 0 | BP25: =Asghar!BZ25+shahzad!BZ25+Fahad!BZ25+Asif!BZ25+sumair!BZ25 -> 0 | BQ25: =Asghar!CD25+shahzad!CD25+Fahad!CD25+Asif!CD25+sumair!CD25 -> 0 | BR25: =Asghar!CH25+shahzad!CH25+Fahad!CH25+Asif!CH25+sumair!CH25 -> 0 | BS25: =Asghar!CL25+shahzad!CL25+Fahad!CL25+Asif!CL25+sumair!CL25 -> 0 | BT25: =Asghar!CP25+shahzad!CP25+Fahad!CP25+Asif!CP25+sumair!CP25 -> 0 | BU25: =Asghar!CT25+shahzad!CT25+Fahad!CT25+Asif!CT25+sumair!CT25 -> 0 | BV25: =Asghar!CX25+shahzad!CX25+Fahad!CX25+Asif!CX25+sumair!CX25 -> 0 | BW25: =Asghar!DB25+shahzad!DB25+Fahad!DB25+Asif!DB25+sumair!DB25 -> 0 | BX25: =Asghar!DF25+shahzad!DF25+Fahad!DF25+Asif!DF25+sumair!DF25 -> 0 | BY25: =Asghar!DJ25+shahzad!DJ25+Fahad!DJ25+Asif!DJ25+sumair!DJ25 -> 0 | BZ25: =Asghar!DN25+shahzad!DN25+Fahad!DN25+Asif!DN25+sumair!DN25 -> 0 | CA25: =Asghar!DR25+shahzad!DR25+Fahad!DR25+Asif!DR25+sumair!DR25 -> 0 | CB25: =Asghar!DV25+shahzad!DV25+Fahad!DV25+Asif!DV25+sumair!DV25 -> 0 | CC25: =Asghar!DZ25+shahzad!DZ25+Fahad!DZ25+Asif!DZ25+sumair!DZ25 -> 0 | CD25: =SUM(AY25:CC25) -> 0 | CF25: =N25 -> 40.666667 | CG25: =AW25 -> 0 | CH25: =CG25+CF25 -> 40.666667 | CI25: =CD25 -> 0 | CJ25: =CH25-CI25 -> 40.666667
B26: 103012 | C26: Ooze - B/C - Rs. 5 - (50 x 18) - Jar | D26: 50 | E26: 18 | F26: 198.24262 | H26: 2 | I26: 2 | L26: =I26/E26 -> 0.11111111 | M26: =I26/E26 -> 0.11111111 | N26: =M26+H26 -> 2.1111111 | O26: =N26*E26 -> 38 | P26: =O26*F26 -> 7533.2196 | AW26: =SUM(R26:AV26) -> 0 | AY26: =Asghar!J26+shahzad!J26+Fahad!J26+Asif!J26+sumair!J26 -> 0 | AZ26: =Asghar!N26+shahzad!N26+Fahad!N26+Asif!N26+sumair!N26 -> 0 | BA26: =Asghar!R26+shahzad!R26+Fahad!R26+Asif!R26+sumair!R26 -> 0 | BB26: =Asghar!V26+shahzad!V26+Fahad!V26+Asif!V26+sumair!V26 -> 0 | BC26: =Asghar!Z26+shahzad!Z26+Fahad!Z26+Asif!Z26+sumair!Z26 -> 0 | BD26: =Asghar!AD26+shahzad!AD26+Fahad!AD26+Asif!AD26+sumair!AD26 -> 0 | BE26: =Asghar!AH26+shahzad!AH26+Fahad!AH26+Asif!AH26+sumair!AH26 -> 0 | BF26: =Asghar!AL26+shahzad!AL26+Fahad!AL26+Asif!AL26+sumair!AL26 -> 0 | BG26: =Asghar!AP26+shahzad!AP26+Fahad!AP26+Asif!AP26+sumair!AP26 -> 0 | BH26: =Asghar!AT26+shahzad!AT26+Fahad!AT26+Asif!AT26+sumair!AT26 -> 0 | BI26: =Asghar!AX26+shahzad!AX26+Fahad!AX26+Asif!AX26+sumair!AX26 -> 0 | BJ26: =Asghar!BB26+shahzad!BB26+Fahad!BB26+Asif!BB26+sumair!BB26 -> 0 | BK26: =Asghar!BF26+shahzad!BF26+Fahad!BF26+Asif!BF26+sumair!BF26 -> 0 | BL26: =Asghar!BJ26+shahzad!BJ26+Fahad!BJ26+Asif!BJ26+sumair!BJ26 -> 0 | BM26: =Asghar!BN26+shahzad!BN26+Fahad!BN26+Asif!BN26+sumair!BN26 -> 0 | BN26: =Asghar!BR26+shahzad!BR26+Fahad!BR26+Asif!BR26+sumair!BR26 -> 0 | BO26: =Asghar!BV26+shahzad!BV26+Fahad!BV26+Asif!BV26+sumair!BV26 -> 0 | BP26: =Asghar!BZ26+shahzad!BZ26+Fahad!BZ26+Asif!BZ26+sumair!BZ26 -> 0 | BQ26: =Asghar!CD26+shahzad!CD26+Fahad!CD26+Asif!CD26+sumair!CD26 -> 0 | BR26: =Asghar!CH26+shahzad!CH26+Fahad!CH26+Asif!CH26+sumair!CH26 -> 0 | BS26: =Asghar!CL26+shahzad!CL26+Fahad!CL26+Asif!CL26+sumair!CL26 -> 0 | BT26: =Asghar!CP26+shahzad!CP26+Fahad!CP26+Asif!CP26+sumair!CP26 -> 0 | BU26: =Asghar!CT26+shahzad!CT26+Fahad!CT26+Asif!CT26+sumair!CT26 -> 0 | BV26: =Asghar!CX26+shahzad!CX26+Fahad!CX26+Asif!CX26+sumair!CX26 -> 0 | BW26: =Asghar!DB26+shahzad!DB26+Fahad!DB26+Asif!DB26+sumair!DB26 -> 0 | BX26: =Asghar!DF26+shahzad!DF26+Fahad!DF26+Asif!DF26+sumair!DF26 -> 0 | BY26: =Asghar!DJ26+shahzad!DJ26+Fahad!DJ26+Asif!DJ26+sumair!DJ26 -> 0 | BZ26: =Asghar!DN26+shahzad!DN26+Fahad!DN26+Asif!DN26+sumair!DN26 -> 0 | CA26: =Asghar!DR26+shahzad!DR26+Fahad!DR26+Asif!DR26+sumair!DR26 -> 0 | CB26: =Asghar!DV26+shahzad!DV26+Fahad!DV26+Asif!DV26+sumair!DV26 -> 0 | CC26: =Asghar!DZ26+shahzad!DZ26+Fahad!DZ26+Asif!DZ26+sumair!DZ26 -> 0 | CD26: =SUM(AY26:CC26) -> 0 | CF26: =N26 -> 2.1111111 | CG26: =AW26 -> 0 | CH26: =CG26+CF26 -> 2.1111111 | CI26: =CD26 -> 0 | CJ26: =CH26-CI26 -> 2.1111111
B27: 103020 | C27: Monster Chew – Rs 50 – (12x8) – Box | D27: 12 | E27: 8 | F27: 481.09632 | H27: 3 | I27: 3 | L27: =I27/E27 -> 0.375 | M27: =I27/E27 -> 0.375 | N27: =M27+H27 -> 3.375 | O27: =N27*E27 -> 27 | P27: =O27*F27 -> 12989.601 | AW27: =SUM(R27:AV27) -> 0 | AY27: =Asghar!J27+shahzad!J27+Fahad!J27+Asif!J27+sumair!J27 -> 0 | AZ27: =Asghar!N27+shahzad!N27+Fahad!N27+Asif!N27+sumair!N27 -> 0 | BA27: =Asghar!R27+shahzad!R27+Fahad!R27+Asif!R27+sumair!R27 -> 0 | BB27: =Asghar!V27+shahzad!V27+Fahad!V27+Asif!V27+sumair!V27 -> 0 | BC27: =Asghar!Z27+shahzad!Z27+Fahad!Z27+Asif!Z27+sumair!Z27 -> 0 | BD27: =Asghar!AD27+shahzad!AD27+Fahad!AD27+Asif!AD27+sumair!AD27 -> 0 | BE27: =Asghar!AH27+shahzad!AH27+Fahad!AH27+Asif!AH27+sumair!AH27 -> 0 | BF27: =Asghar!AL27+shahzad!AL27+Fahad!AL27+Asif!AL27+sumair!AL27 -> 0 | BG27: =Asghar!AP27+shahzad!AP27+Fahad!AP27+Asif!AP27+sumair!AP27 -> 0 | BH27: =Asghar!AT27+shahzad!AT27+Fahad!AT27+Asif!AT27+sumair!AT27 -> 0 | BI27: =Asghar!AX27+shahzad!AX27+Fahad!AX27+Asif!AX27+sumair!AX27 -> 0 | BJ27: =Asghar!BB27+shahzad!BB27+Fahad!BB27+Asif!BB27+sumair!BB27 -> 0 | BK27: =Asghar!BF27+shahzad!BF27+Fahad!BF27+Asif!BF27+sumair!BF27 -> 0 | BL27: =Asghar!BJ27+shahzad!BJ27+Fahad!BJ27+Asif!BJ27+sumair!BJ27 -> 0 | BM27: =Asghar!BN27+shahzad!BN27+Fahad!BN27+Asif!BN27+sumair!BN27 -> 0 | BN27: =Asghar!BR27+shahzad!BR27+Fahad!BR27+Asif!BR27+sumair!BR27 -> 0 | BO27: =Asghar!BV27+shahzad!BV27+Fahad!BV27+Asif!BV27+sumair!BV27 -> 0 | BP27: =Asghar!BZ27+shahzad!BZ27+Fahad!BZ27+Asif!BZ27+sumair!BZ27 -> 0 | BQ27: =Asghar!CD27+shahzad!CD27+Fahad!CD27+Asif!CD27+sumair!CD27 -> 0 | BR27: =Asghar!CH27+shahzad!CH27+Fahad!CH27+Asif!CH27+sumair!CH27 -> 0 | BS27: =Asghar!CL27+shahzad!CL27+Fahad!CL27+Asif!CL27+sumair!CL27 -> 0 | BT27: =Asghar!CP27+shahzad!CP27+Fahad!CP27+Asif!CP27+sumair!CP27 -> 0 | BU27: =Asghar!CT27+shahzad!CT27+Fahad!CT27+Asif!CT27+sumair!CT27 -> 0 | BV27: =Asghar!CX27+shahzad!CX27+Fahad!CX27+Asif!CX27+sumair!CX27 -> 0 | BW27: =Asghar!DB27+shahzad!DB27+Fahad!DB27+Asif!DB27+sumair!DB27 -> 0 | BX27: =Asghar!DF27+shahzad!DF27+Fahad!DF27+Asif!DF27+sumair!DF27 -> 0 | BY27: =Asghar!DJ27+shahzad!DJ27+Fahad!DJ27+Asif!DJ27+sumair!DJ27 -> 0 | BZ27: =Asghar!DN27+shahzad!DN27+Fahad!DN27+Asif!DN27+sumair!DN27 -> 0 | CA27: =Asghar!DR27+shahzad!DR27+Fahad!DR27+Asif!DR27+sumair!DR27 -> 0 | CB27: =Asghar!DV27+shahzad!DV27+Fahad!DV27+Asif!DV27+sumair!DV27 -> 0 | CC27: =Asghar!DZ27+shahzad!DZ27+Fahad!DZ27+Asif!DZ27+sumair!DZ27 -> 0 | CD27: =SUM(AY27:CC27) -> 0 | CF27: =N27 -> 3.375 | CG27: =AW27 -> 0 | CH27: =CG27+CF27 -> 3.375 | CI27: =CD27 -> 0 | CJ27: =CH27-CI27 -> 3.375
B28: 104056 | C28: Eclair Rs 5 50Pc X 18 Box | D28: 50 | E28: 18 | F28: 200.47282 | H28: 43 | I28: 3 | L28: =I28/E28 -> 0.16666667 | M28: =I28/E28 -> 0.16666667 | N28: =M28+H28 -> 43.166667 | O28: =N28*E28 -> 777 | P28: =O28*F28 -> 155767.38 | AW28: =SUM(R28:AV28) -> 0 | AY28: =Asghar!J28+shahzad!J28+Fahad!J28+Asif!J28+sumair!J28 -> 0 | AZ28: =Asghar!N28+shahzad!N28+Fahad!N28+Asif!N28+sumair!N28 -> 0 | BA28: =Asghar!R28+shahzad!R28+Fahad!R28+Asif!R28+sumair!R28 -> 0 | BB28: =Asghar!V28+shahzad!V28+Fahad!V28+Asif!V28+sumair!V28 -> 0 | BC28: =Asghar!Z28+shahzad!Z28+Fahad!Z28+Asif!Z28+sumair!Z28 -> 0 | BD28: =Asghar!AD28+shahzad!AD28+Fahad!AD28+Asif!AD28+sumair!AD28 -> 0 | BE28: =Asghar!AH28+shahzad!AH28+Fahad!AH28+Asif!AH28+sumair!AH28 -> 0 | BF28: =Asghar!AL28+shahzad!AL28+Fahad!AL28+Asif!AL28+sumair!AL28 -> 0 | BG28: =Asghar!AP28+shahzad!AP28+Fahad!AP28+Asif!AP28+sumair!AP28 -> 0 | BH28: =Asghar!AT28+shahzad!AT28+Fahad!AT28+Asif!AT28+sumair!AT28 -> 0 | BI28: =Asghar!AX28+shahzad!AX28+Fahad!AX28+Asif!AX28+sumair!AX28 -> 0 | BJ28: =Asghar!BB28+shahzad!BB28+Fahad!BB28+Asif!BB28+sumair!BB28 -> 0 | BK28: =Asghar!BF28+shahzad!BF28+Fahad!BF28+Asif!BF28+sumair!BF28 -> 0 | BL28: =Asghar!BJ28+shahzad!BJ28+Fahad!BJ28+Asif!BJ28+sumair!BJ28 -> 0 | BM28: =Asghar!BN28+shahzad!BN28+Fahad!BN28+Asif!BN28+sumair!BN28 -> 0 | BN28: =Asghar!BR28+shahzad!BR28+Fahad!BR28+Asif!BR28+sumair!BR28 -> 0 | BO28: =Asghar!BV28+shahzad!BV28+Fahad!BV28+Asif!BV28+sumair!BV28 -> 0 | BP28: =Asghar!BZ28+shahzad!BZ28+Fahad!BZ28+Asif!BZ28+sumair!BZ28 -> 0 | BQ28: =Asghar!CD28+shahzad!CD28+Fahad!CD28+Asif!CD28+sumair!CD28 -> 0 | BR28: =Asghar!CH28+shahzad!CH28+Fahad!CH28+Asif!CH28+sumair!CH28 -> 0 | BS28: =Asghar!CL28+shahzad!CL28+Fahad!CL28+Asif!CL28+sumair!CL28 -> 0 | BT28: =Asghar!CP28+shahzad!CP28+Fahad!CP28+Asif!CP28+sumair!CP28 -> 0 | BU28: =Asghar!CT28+shahzad!CT28+Fahad!CT28+Asif!CT28+sumair!CT28 -> 0 | BV28: =Asghar!CX28+shahzad!CX28+Fahad!CX28+Asif!CX28+sumair!CX28 -> 0 | BW28: =Asghar!DB28+shahzad!DB28+Fahad!DB28+Asif!DB28+sumair!DB28 -> 0 | BX28: =Asghar!DF28+shahzad!DF28+Fahad!DF28+Asif!DF28+sumair!DF28 -> 0 | BY28: =Asghar!DJ28+shahzad!DJ28+Fahad!DJ28+Asif!DJ28+sumair!DJ28 -> 0 | BZ28: =Asghar!DN28+shahzad!DN28+Fahad!DN28+Asif!DN28+sumair!DN28 -> 0 | CA28: =Asghar!DR28+shahzad!DR28+Fahad!DR28+Asif!DR28+sumair!DR28 -> 0 | CB28: =Asghar!DV28+shahzad!DV28+Fahad!DV28+Asif!DV28+sumair!DV28 -> 0 | CC28: =Asghar!DZ28+shahzad!DZ28+Fahad!DZ28+Asif!DZ28+sumair!DZ28 -> 0 | CD28: =SUM(AY28:CC28) -> 0 | CF28: =N28 -> 43.166667 | CG28: =AW28 -> 0 | CH28: =CG28+CF28 -> 43.166667 | CI28: =CD28 -> 0 | CJ28: =CH28-CI28 -> 43.166667
B29: 106023 | C29: Now - Rs. 10 - (24 x 18) - Box - Xtra | D29: 24 | E29: 18 | F29: 192.45407 | H29: 36 | I29: 6 | L29: =I29/E29 -> 0.33333333 | M29: =I29/E29 -> 0.33333333 | N29: =M29+H29 -> 36.333333 | O29: =N29*E29 -> 654 | P29: =O29*F29 -> 125864.96 | AW29: =SUM(R29:AV29) -> 0 | AY29: =Asghar!J29+shahzad!J29+Fahad!J29+Asif!J29+sumair!J29 -> 0 | AZ29: =Asghar!N29+shahzad!N29+Fahad!N29+Asif!N29+sumair!N29 -> 0 | BA29: =Asghar!R29+shahzad!R29+Fahad!R29+Asif!R29+sumair!R29 -> 0 | BB29: =Asghar!V29+shahzad!V29+Fahad!V29+Asif!V29+sumair!V29 -> 0 | BC29: =Asghar!Z29+shahzad!Z29+Fahad!Z29+Asif!Z29+sumair!Z29 -> 0 | BD29: =Asghar!AD29+shahzad!AD29+Fahad!AD29+Asif!AD29+sumair!AD29 -> 0 | BE29: =Asghar!AH29+shahzad!AH29+Fahad!AH29+Asif!AH29+sumair!AH29 -> 0 | BF29: =Asghar!AL29+shahzad!AL29+Fahad!AL29+Asif!AL29+sumair!AL29 -> 0 | BG29: =Asghar!AP29+shahzad!AP29+Fahad!AP29+Asif!AP29+sumair!AP29 -> 0 | BH29: =Asghar!AT29+shahzad!AT29+Fahad!AT29+Asif!AT29+sumair!AT29 -> 0 | BI29: =Asghar!AX29+shahzad!AX29+Fahad!AX29+Asif!AX29+sumair!AX29 -> 0 | BJ29: =Asghar!BB29+shahzad!BB29+Fahad!BB29+Asif!BB29+sumair!BB29 -> 0 | BK29: =Asghar!BF29+shahzad!BF29+Fahad!BF29+Asif!BF29+sumair!BF29 -> 0 | BL29: =Asghar!BJ29+shahzad!BJ29+Fahad!BJ29+Asif!BJ29+sumair!BJ29 -> 0 | BM29: =Asghar!BN29+shahzad!BN29+Fahad!BN29+Asif!BN29+sumair!BN29 -> 0 | BN29: =Asghar!BR29+shahzad!BR29+Fahad!BR29+Asif!BR29+sumair!BR29 -> 0 | BO29: =Asghar!BV29+shahzad!BV29+Fahad!BV29+Asif!BV29+sumair!BV29 -> 0 | BP29: =Asghar!BZ29+shahzad!BZ29+Fahad!BZ29+Asif!BZ29+sumair!BZ29 -> 0 | BQ29: =Asghar!CD29+shahzad!CD29+Fahad!CD29+Asif!CD29+sumair!CD29 -> 0 | BR29: =Asghar!CH29+shahzad!CH29+Fahad!CH29+Asif!CH29+sumair!CH29 -> 0 | BS29: =Asghar!CL29+shahzad!CL29+Fahad!CL29+Asif!CL29+sumair!CL29 -> 0 | BT29: =Asghar!CP29+shahzad!CP29+Fahad!CP29+Asif!CP29+sumair!CP29 -> 0 | BU29: =Asghar!CT29+shahzad!CT29+Fahad!CT29+Asif!CT29+sumair!CT29 -> 0 | BV29: =Asghar!CX29+shahzad!CX29+Fahad!CX29+Asif!CX29+sumair!CX29 -> 0 | BW29: =Asghar!DB29+shahzad!DB29+Fahad!DB29+Asif!DB29+sumair!DB29 -> 0 | BX29: =Asghar!DF29+shahzad!DF29+Fahad!DF29+Asif!DF29+sumair!DF29 -> 0 | BY29: =Asghar!DJ29+shahzad!DJ29+Fahad!DJ29+Asif!DJ29+sumair!DJ29 -> 0 | BZ29: =Asghar!DN29+shahzad!DN29+Fahad!DN29+Asif!DN29+sumair!DN29 -> 0 | CA29: =Asghar!DR29+shahzad!DR29+Fahad!DR29+Asif!DR29+sumair!DR29 -> 0 | CB29: =Asghar!DV29+shahzad!DV29+Fahad!DV29+Asif!DV29+sumair!DV29 -> 0 | CC29: =Asghar!DZ29+shahzad!DZ29+Fahad!DZ29+Asif!DZ29+sumair!DZ29 -> 0 | CD29: =SUM(AY29:CC29) -> 0 | CF29: =N29 -> 36.333333 | CG29: =AW29 -> 0 | CH29: =CG29+CF29 -> 36.333333 | CI29: =CD29 -> 0 | CJ29: =CH29-CI29 -> 36.333333
B30: 106054 | C30: NOW PASTE RS 10 (50 Pcs X 12 Jars) | D30: 1 | E30: 12 | F30: 400.62864 | H30: 34 | I30: 4 | L30: =I30/E30 -> 0.33333333 | M30: =I30/E30 -> 0.33333333 | N30: =M30+H30 -> 34.333333 | O30: =N30*E30 -> 412 | P30: =O30*F30 -> 165059 | AW30: =SUM(R30:AV30) -> 0 | AY30: =Asghar!J30+shahzad!J30+Fahad!J30+Asif!J30+sumair!J30 -> 0 | AZ30: =Asghar!N30+shahzad!N30+Fahad!N30+Asif!N30+sumair!N30 -> 0 | BA30: =Asghar!R30+shahzad!R30+Fahad!R30+Asif!R30+sumair!R30 -> 0 | BB30: =Asghar!V30+shahzad!V30+Fahad!V30+Asif!V30+sumair!V30 -> 0 | BC30: =Asghar!Z30+shahzad!Z30+Fahad!Z30+Asif!Z30+sumair!Z30 -> 0 | BD30: =Asghar!AD30+shahzad!AD30+Fahad!AD30+Asif!AD30+sumair!AD30 -> 0 | BE30: =Asghar!AH30+shahzad!AH30+Fahad!AH30+Asif!AH30+sumair!AH30 -> 0 | BF30: =Asghar!AL30+shahzad!AL30+Fahad!AL30+Asif!AL30+sumair!AL30 -> 0 | BG30: =Asghar!AP30+shahzad!AP30+Fahad!AP30+Asif!AP30+sumair!AP30 -> 0 | BH30: =Asghar!AT30+shahzad!AT30+Fahad!AT30+Asif!AT30+sumair!AT30 -> 0 | BI30: =Asghar!AX30+shahzad!AX30+Fahad!AX30+Asif!AX30+sumair!AX30 -> 0 | BJ30: =Asghar!BB30+shahzad!BB30+Fahad!BB30+Asif!BB30+sumair!BB30 -> 0 | BK30: =Asghar!BF30+shahzad!BF30+Fahad!BF30+Asif!BF30+sumair!BF30 -> 0 | BL30: =Asghar!BJ30+shahzad!BJ30+Fahad!BJ30+Asif!BJ30+sumair!BJ30 -> 0 | BM30: =Asghar!BN30+shahzad!BN30+Fahad!BN30+Asif!BN30+sumair!BN30 -> 0 | BN30: =Asghar!BR30+shahzad!BR30+Fahad!BR30+Asif!BR30+sumair!BR30 -> 0 | BO30: =Asghar!BV30+shahzad!BV30+Fahad!BV30+Asif!BV30+sumair!BV30 -> 0 | BP30: =Asghar!BZ30+shahzad!BZ30+Fahad!BZ30+Asif!BZ30+sumair!BZ30 -> 0 | BQ30: =Asghar!CD30+shahzad!CD30+Fahad!CD30+Asif!CD30+sumair!CD30 -> 0 | BR30: =Asghar!CH30+shahzad!CH30+Fahad!CH30+Asif!CH30+sumair!CH30 -> 0 | BS30: =Asghar!CL30+shahzad!CL30+Fahad!CL30+Asif!CL30+sumair!CL30 -> 0 | BT30: =Asghar!CP30+shahzad!CP30+Fahad!CP30+Asif!CP30+sumair!CP30 -> 0 | BU30: =Asghar!CT30+shahzad!CT30+Fahad!CT30+Asif!CT30+sumair!CT30 -> 0 | BV30: =Asghar!CX30+shahzad!CX30+Fahad!CX30+Asif!CX30+sumair!CX30 -> 0 | BW30: =Asghar!DB30+shahzad!DB30+Fahad!DB30+Asif!DB30+sumair!DB30 -> 0 | BX30: =Asghar!DF30+shahzad!DF30+Fahad!DF30+Asif!DF30+sumair!DF30 -> 0 | BY30: =Asghar!DJ30+shahzad!DJ30+Fahad!DJ30+Asif!DJ30+sumair!DJ30 -> 0 | BZ30: =Asghar!DN30+shahzad!DN30+Fahad!DN30+Asif!DN30+sumair!DN30 -> 0 | CA30: =Asghar!DR30+shahzad!DR30+Fahad!DR30+Asif!DR30+sumair!DR30 -> 0 | CB30: =Asghar!DV30+shahzad!DV30+Fahad!DV30+Asif!DV30+sumair!DV30 -> 0 | CC30: =Asghar!DZ30+shahzad!DZ30+Fahad!DZ30+Asif!DZ30+sumair!DZ30 -> 0 | CD30: =SUM(AY30:CC30) -> 0 | CF30: =N30 -> 34.333333 | CG30: =AW30 -> 0 | CH30: =CG30+CF30 -> 34.333333 | CI30: =CD30 -> 0 | CJ30: =CH30-CI30 -> 34.333333
B31: 106057 | C31: NOW PASTE RS 05 70 PCS X 18 BOXES | D31: 70 | E31: 18 | F31: 280.44265 | L31: =I31/E31 -> 0 | M31: =I31/E31 -> 0 | N31: =M31+H31 -> 0 | O31: =N31*E31 -> 0 | P31: =O31*F31 -> 0 | AW31: =SUM(R31:AV31) -> 0 | AY31: =Asghar!J31+shahzad!J31+Fahad!J31+Asif!J31+sumair!J31 -> 0 | AZ31: =Asghar!N31+shahzad!N31+Fahad!N31+Asif!N31+sumair!N31 -> 0 | BA31: =Asghar!R31+shahzad!R31+Fahad!R31+Asif!R31+sumair!R31 -> 0 | BB31: =Asghar!V31+shahzad!V31+Fahad!V31+Asif!V31+sumair!V31 -> 0 | BC31: =Asghar!Z31+shahzad!Z31+Fahad!Z31+Asif!Z31+sumair!Z31 -> 0 | BD31: =Asghar!AD31+shahzad!AD31+Fahad!AD31+Asif!AD31+sumair!AD31 -> 0 | BE31: =Asghar!AH31+shahzad!AH31+Fahad!AH31+Asif!AH31+sumair!AH31 -> 0 | BF31: =Asghar!AL31+shahzad!AL31+Fahad!AL31+Asif!AL31+sumair!AL31 -> 0 | BG31: =Asghar!AP31+shahzad!AP31+Fahad!AP31+Asif!AP31+sumair!AP31 -> 0 | BH31: =Asghar!AT31+shahzad!AT31+Fahad!AT31+Asif!AT31+sumair!AT31 -> 0 | BI31: =Asghar!AX31+shahzad!AX31+Fahad!AX31+Asif!AX31+sumair!AX31 -> 0 | BJ31: =Asghar!BB31+shahzad!BB31+Fahad!BB31+Asif!BB31+sumair!BB31 -> 0 | BK31: =Asghar!BF31+shahzad!BF31+Fahad!BF31+Asif!BF31+sumair!BF31 -> 0 | BL31: =Asghar!BJ31+shahzad!BJ31+Fahad!BJ31+Asif!BJ31+sumair!BJ31 -> 0 | BM31: =Asghar!BN31+shahzad!BN31+Fahad!BN31+Asif!BN31+sumair!BN31 -> 0 | BN31: =Asghar!BR31+shahzad!BR31+Fahad!BR31+Asif!BR31+sumair!BR31 -> 0 | BO31: =Asghar!BV31+shahzad!BV31+Fahad!BV31+Asif!BV31+sumair!BV31 -> 0 | BP31: =Asghar!BZ31+shahzad!BZ31+Fahad!BZ31+Asif!BZ31+sumair!BZ31 -> 0 | BQ31: =Asghar!CD31+shahzad!CD31+Fahad!CD31+Asif!CD31+sumair!CD31 -> 0 | BR31: =Asghar!CH31+shahzad!CH31+Fahad!CH31+Asif!CH31+sumair!CH31 -> 0 | BS31: =Asghar!CL31+shahzad!CL31+Fahad!CL31+Asif!CL31+sumair!CL31 -> 0 | BT31: =Asghar!CP31+shahzad!CP31+Fahad!CP31+Asif!CP31+sumair!CP31 -> 0 | BU31: =Asghar!CT31+shahzad!CT31+Fahad!CT31+Asif!CT31+sumair!CT31 -> 0 | BV31: =Asghar!CX31+shahzad!CX31+Fahad!CX31+Asif!CX31+sumair!CX31 -> 0 | BW31: =Asghar!DB31+shahzad!DB31+Fahad!DB31+Asif!DB31+sumair!DB31 -> 0 | BX31: =Asghar!DF31+shahzad!DF31+Fahad!DF31+Asif!DF31+sumair!DF31 -> 0 | BY31: =Asghar!DJ31+shahzad!DJ31+Fahad!DJ31+Asif!DJ31+sumair!DJ31 -> 0 | BZ31: =Asghar!DN31+shahzad!DN31+Fahad!DN31+Asif!DN31+sumair!DN31 -> 0 | CA31: =Asghar!DR31+shahzad!DR31+Fahad!DR31+Asif!DR31+sumair!DR31 -> 0 | CB31: =Asghar!DV31+shahzad!DV31+Fahad!DV31+Asif!DV31+sumair!DV31 -> 0 | CC31: =Asghar!DZ31+shahzad!DZ31+Fahad!DZ31+Asif!DZ31+sumair!DZ31 -> 0 | CD31: =SUM(AY31:CC31) -> 0 | CF31: =N31 -> 0 | CG31: =AW31 -> 0 | CH31: =CG31+CF31 -> 0 | CI31: =CD31 -> 0 | CJ31: =CH31-CI31 -> 0
B32: 106221 | C32: Paradise - Rs. 10 - (24x18) - Box - Xtra | D32: 24 | E32: 18 | F32: 192.45407 | H32: 42 | L32: =I32/E32 -> 0 | M32: =I32/E32 -> 0 | N32: =M32+H32 -> 42 | O32: =N32*E32 -> 756 | P32: =O32*F32 -> 145495.27 | AW32: =SUM(R32:AV32) -> 0 | AY32: =Asghar!J32+shahzad!J32+Fahad!J32+Asif!J32+sumair!J32 -> 0 | AZ32: =Asghar!N32+shahzad!N32+Fahad!N32+Asif!N32+sumair!N32 -> 0 | BA32: =Asghar!R32+shahzad!R32+Fahad!R32+Asif!R32+sumair!R32 -> 0 | BB32: =Asghar!V32+shahzad!V32+Fahad!V32+Asif!V32+sumair!V32 -> 0 | BC32: =Asghar!Z32+shahzad!Z32+Fahad!Z32+Asif!Z32+sumair!Z32 -> 0 | BD32: =Asghar!AD32+shahzad!AD32+Fahad!AD32+Asif!AD32+sumair!AD32 -> 0 | BE32: =Asghar!AH32+shahzad!AH32+Fahad!AH32+Asif!AH32+sumair!AH32 -> 0 | BF32: =Asghar!AL32+shahzad!AL32+Fahad!AL32+Asif!AL32+sumair!AL32 -> 0 | BG32: =Asghar!AP32+shahzad!AP32+Fahad!AP32+Asif!AP32+sumair!AP32 -> 0 | BH32: =Asghar!AT32+shahzad!AT32+Fahad!AT32+Asif!AT32+sumair!AT32 -> 0 | BI32: =Asghar!AX32+shahzad!AX32+Fahad!AX32+Asif!AX32+sumair!AX32 -> 0 | BJ32: =Asghar!BB32+shahzad!BB32+Fahad!BB32+Asif!BB32+sumair!BB32 -> 0 | BK32: =Asghar!BF32+shahzad!BF32+Fahad!BF32+Asif!BF32+sumair!BF32 -> 0 | BL32: =Asghar!BJ32+shahzad!BJ32+Fahad!BJ32+Asif!BJ32+sumair!BJ32 -> 0 | BM32: =Asghar!BN32+shahzad!BN32+Fahad!BN32+Asif!BN32+sumair!BN32 -> 0 | BN32: =Asghar!BR32+shahzad!BR32+Fahad!BR32+Asif!BR32+sumair!BR32 -> 0 | BO32: =Asghar!BV32+shahzad!BV32+Fahad!BV32+Asif!BV32+sumair!BV32 -> 0 | BP32: =Asghar!BZ32+shahzad!BZ32+Fahad!BZ32+Asif!BZ32+sumair!BZ32 -> 0 | BQ32: =Asghar!CD32+shahzad!CD32+Fahad!CD32+Asif!CD32+sumair!CD32 -> 0 | BR32: =Asghar!CH32+shahzad!CH32+Fahad!CH32+Asif!CH32+sumair!CH32 -> 0 | BS32: =Asghar!CL32+shahzad!CL32+Fahad!CL32+Asif!CL32+sumair!CL32 -> 0 | BT32: =Asghar!CP32+shahzad!CP32+Fahad!CP32+Asif!CP32+sumair!CP32 -> 0 | BU32: =Asghar!CT32+shahzad!CT32+Fahad!CT32+Asif!CT32+sumair!CT32 -> 0 | BV32: =Asghar!CX32+shahzad!CX32+Fahad!CX32+Asif!CX32+sumair!CX32 -> 0 | BW32: =Asghar!DB32+shahzad!DB32+Fahad!DB32+Asif!DB32+sumair!DB32 -> 0 | BX32: =Asghar!DF32+shahzad!DF32+Fahad!DF32+Asif!DF32+sumair!DF32 -> 0 | BY32: =Asghar!DJ32+shahzad!DJ32+Fahad!DJ32+Asif!DJ32+sumair!DJ32 -> 0 | BZ32: =Asghar!DN32+shahzad!DN32+Fahad!DN32+Asif!DN32+sumair!DN32 -> 0 | CA32: =Asghar!DR32+shahzad!DR32+Fahad!DR32+Asif!DR32+sumair!DR32 -> 0 | CB32: =Asghar!DV32+shahzad!DV32+Fahad!DV32+Asif!DV32+sumair!DV32 -> 0 | CC32: =Asghar!DZ32+shahzad!DZ32+Fahad!DZ32+Asif!DZ32+sumair!DZ32 -> 0 | CD32: =SUM(AY32:CC32) -> 0 | CF32: =N32 -> 42 | CG32: =AW32 -> 0 | CH32: =CG32+CF32 -> 42 | CI32: =CD32 -> 0 | CJ32: =CH32-CI32 -> 42
B33: 106318 | C33: Sonnet - Rs. 10 - (24 x 18) - Box - Xtra | D33: 24 | E33: 18 | F33: 192.45407 | H33: 1 | I33: 1 | L33: =I33/E33 -> 0.055555556 | M33: =I33/E33 -> 0.055555556 | N33: =M33+H33 -> 1.0555556 | O33: =N33*E33 -> 19 | P33: =O33*F33 -> 3656.6273 | AW33: =SUM(R33:AV33) -> 0 | AY33: =Asghar!J33+shahzad!J33+Fahad!J33+Asif!J33+sumair!J33 -> 0 | AZ33: =Asghar!N33+shahzad!N33+Fahad!N33+Asif!N33+sumair!N33 -> 0 | BA33: =Asghar!R33+shahzad!R33+Fahad!R33+Asif!R33+sumair!R33 -> 0 | BB33: =Asghar!V33+shahzad!V33+Fahad!V33+Asif!V33+sumair!V33 -> 0 | BC33: =Asghar!Z33+shahzad!Z33+Fahad!Z33+Asif!Z33+sumair!Z33 -> 0 | BD33: =Asghar!AD33+shahzad!AD33+Fahad!AD33+Asif!AD33+sumair!AD33 -> 0 | BE33: =Asghar!AH33+shahzad!AH33+Fahad!AH33+Asif!AH33+sumair!AH33 -> 0 | BF33: =Asghar!AL33+shahzad!AL33+Fahad!AL33+Asif!AL33+sumair!AL33 -> 0 | BG33: =Asghar!AP33+shahzad!AP33+Fahad!AP33+Asif!AP33+sumair!AP33 -> 0 | BH33: =Asghar!AT33+shahzad!AT33+Fahad!AT33+Asif!AT33+sumair!AT33 -> 0 | BI33: =Asghar!AX33+shahzad!AX33+Fahad!AX33+Asif!AX33+sumair!AX33 -> 0 | BJ33: =Asghar!BB33+shahzad!BB33+Fahad!BB33+Asif!BB33+sumair!BB33 -> 0 | BK33: =Asghar!BF33+shahzad!BF33+Fahad!BF33+Asif!BF33+sumair!BF33 -> 0 | BL33: =Asghar!BJ33+shahzad!BJ33+Fahad!BJ33+Asif!BJ33+sumair!BJ33 -> 0 | BM33: =Asghar!BN33+shahzad!BN33+Fahad!BN33+Asif!BN33+sumair!BN33 -> 0 | BN33: =Asghar!BR33+shahzad!BR33+Fahad!BR33+Asif!BR33+sumair!BR33 -> 0 | BO33: =Asghar!BV33+shahzad!BV33+Fahad!BV33+Asif!BV33+sumair!BV33 -> 0 | BP33: =Asghar!BZ33+shahzad!BZ33+Fahad!BZ33+Asif!BZ33+sumair!BZ33 -> 0 | BQ33: =Asghar!CD33+shahzad!CD33+Fahad!CD33+Asif!CD33+sumair!CD33 -> 0 | BR33: =Asghar!CH33+shahzad!CH33+Fahad!CH33+Asif!CH33+sumair!CH33 -> 0 | BS33: =Asghar!CL33+shahzad!CL33+Fahad!CL33+Asif!CL33+sumair!CL33 -> 0 | BT33: =Asghar!CP33+shahzad!CP33+Fahad!CP33+Asif!CP33+sumair!CP33 -> 0 | BU33: =Asghar!CT33+shahzad!CT33+Fahad!CT33+Asif!CT33+sumair!CT33 -> 0 | BV33: =Asghar!CX33+shahzad!CX33+Fahad!CX33+Asif!CX33+sumair!CX33 -> 0 | BW33: =Asghar!DB33+shahzad!DB33+Fahad!DB33+Asif!DB33+sumair!DB33 -> 0 | BX33: =Asghar!DF33+shahzad!DF33+Fahad!DF33+Asif!DF33+sumair!DF33 -> 0 | BY33: =Asghar!DJ33+shahzad!DJ33+Fahad!DJ33+Asif!DJ33+sumair!DJ33 -> 0 | BZ33: =Asghar!DN33+shahzad!DN33+Fahad!DN33+Asif!DN33+sumair!DN33 -> 0 | CA33: =Asghar!DR33+shahzad!DR33+Fahad!DR33+Asif!DR33+sumair!DR33 -> 0 | CB33: =Asghar!DV33+shahzad!DV33+Fahad!DV33+Asif!DV33+sumair!DV33 -> 0 | CC33: =Asghar!DZ33+shahzad!DZ33+Fahad!DZ33+Asif!DZ33+sumair!DZ33 -> 0 | CD33: =SUM(AY33:CC33) -> 0 | CF33: =N33 -> 1.0555556 | CG33: =AW33 -> 0 | CH33: =CG33+CF33 -> 1.0555556 | CI33: =CD33 -> 0 | CJ33: =CH33-CI33 -> 1.0555556
B34: 106506 | C34: CLOUD 9 CHOCOLATE 24 PC X 24 BOXES | D34: 24 | E34: 24 | F34: 189.29879 | I34: 1 | L34: =I34/E34 -> 0.041666667 | M34: =I34/E34 -> 0.041666667 | N34: =M34+H34 -> 0.041666667 | O34: =N34*E34 -> 1 | P34: =O34*F34 -> 189.29879 | AW34: =SUM(R34:AV34) -> 0 | AY34: =Asghar!J34+shahzad!J34+Fahad!J34+Asif!J34+sumair!J34 -> 0 | AZ34: =Asghar!N34+shahzad!N34+Fahad!N34+Asif!N34+sumair!N34 -> 0 | BA34: =Asghar!R34+shahzad!R34+Fahad!R34+Asif!R34+sumair!R34 -> 0 | BB34: =Asghar!V34+shahzad!V34+Fahad!V34+Asif!V34+sumair!V34 -> 0 | BC34: =Asghar!Z34+shahzad!Z34+Fahad!Z34+Asif!Z34+sumair!Z34 -> 0 | BD34: =Asghar!AD34+shahzad!AD34+Fahad!AD34+Asif!AD34+sumair!AD34 -> 0 | BE34: =Asghar!AH34+shahzad!AH34+Fahad!AH34+Asif!AH34+sumair!AH34 -> 0 | BF34: =Asghar!AL34+shahzad!AL34+Fahad!AL34+Asif!AL34+sumair!AL34 -> 0 | BG34: =Asghar!AP34+shahzad!AP34+Fahad!AP34+Asif!AP34+sumair!AP34 -> 0 | BH34: =Asghar!AT34+shahzad!AT34+Fahad!AT34+Asif!AT34+sumair!AT34 -> 0 | BI34: =Asghar!AX34+shahzad!AX34+Fahad!AX34+Asif!AX34+sumair!AX34 -> 0 | BJ34: =Asghar!BB34+shahzad!BB34+Fahad!BB34+Asif!BB34+sumair!BB34 -> 0 | BK34: =Asghar!BF34+shahzad!BF34+Fahad!BF34+Asif!BF34+sumair!BF34 -> 0 | BL34: =Asghar!BJ34+shahzad!BJ34+Fahad!BJ34+Asif!BJ34+sumair!BJ34 -> 0 | BM34: =Asghar!BN34+shahzad!BN34+Fahad!BN34+Asif!BN34+sumair!BN34 -> 0 | BN34: =Asghar!BR34+shahzad!BR34+Fahad!BR34+Asif!BR34+sumair!BR34 -> 0 | BO34: =Asghar!BV34+shahzad!BV34+Fahad!BV34+Asif!BV34+sumair!BV34 -> 0 | BP34: =Asghar!BZ34+shahzad!BZ34+Fahad!BZ34+Asif!BZ34+sumair!BZ34 -> 0 | BQ34: =Asghar!CD34+shahzad!CD34+Fahad!CD34+Asif!CD34+sumair!CD34 -> 0 | BR34: =Asghar!CH34+shahzad!CH34+Fahad!CH34+Asif!CH34+sumair!CH34 -> 0 | BS34: =Asghar!CL34+shahzad!CL34+Fahad!CL34+Asif!CL34+sumair!CL34 -> 0 | BT34: =Asghar!CP34+shahzad!CP34+Fahad!CP34+Asif!CP34+sumair!CP34 -> 0 | BU34: =Asghar!CT34+shahzad!CT34+Fahad!CT34+Asif!CT34+sumair!CT34 -> 0 | BV34: =Asghar!CX34+shahzad!CX34+Fahad!CX34+Asif!CX34+sumair!CX34 -> 0 | BW34: =Asghar!DB34+shahzad!DB34+Fahad!DB34+Asif!DB34+sumair!DB34 -> 0 | BX34: =Asghar!DF34+shahzad!DF34+Fahad!DF34+Asif!DF34+sumair!DF34 -> 0 | BY34: =Asghar!DJ34+shahzad!DJ34+Fahad!DJ34+Asif!DJ34+sumair!DJ34 -> 0 | BZ34: =Asghar!DN34+shahzad!DN34+Fahad!DN34+Asif!DN34+sumair!DN34 -> 0 | CA34: =Asghar!DR34+shahzad!DR34+Fahad!DR34+Asif!DR34+sumair!DR34 -> 0 | CB34: =Asghar!DV34+shahzad!DV34+Fahad!DV34+Asif!DV34+sumair!DV34 -> 0 | CC34: =Asghar!DZ34+shahzad!DZ34+Fahad!DZ34+Asif!DZ34+sumair!DZ34 -> 0 | CD34: =SUM(AY34:CC34) -> 0 | CF34: =N34 -> 0.041666667 | CG34: =AW34 -> 0 | CH34: =CG34+CF34 -> 0.041666667 | CI34: =CD34 -> 0 | CJ34: =CH34-CI34 -> 0.041666667
B35: 106507 | C35: CLOUD 9 CHOCOLATE RS 20 18 PC X 18 BOXES | D35: 18 | E35: 18 | F35: 288.68044 | L35: =I35/E35 -> 0 | M35: =I35/E35 -> 0 | N35: =M35+H35 -> 0 | O35: =N35*E35 -> 0 | P35: =O35*F35 -> 0 | AW35: =SUM(R35:AV35) -> 0 | AY35: =Asghar!J35+shahzad!J35+Fahad!J35+Asif!J35+sumair!J35 -> 0 | AZ35: =Asghar!N35+shahzad!N35+Fahad!N35+Asif!N35+sumair!N35 -> 0 | BA35: =Asghar!R35+shahzad!R35+Fahad!R35+Asif!R35+sumair!R35 -> 0 | BB35: =Asghar!V35+shahzad!V35+Fahad!V35+Asif!V35+sumair!V35 -> 0 | BC35: =Asghar!Z35+shahzad!Z35+Fahad!Z35+Asif!Z35+sumair!Z35 -> 0 | BD35: =Asghar!AD35+shahzad!AD35+Fahad!AD35+Asif!AD35+sumair!AD35 -> 0 | BE35: =Asghar!AH35+shahzad!AH35+Fahad!AH35+Asif!AH35+sumair!AH35 -> 0 | BF35: =Asghar!AL35+shahzad!AL35+Fahad!AL35+Asif!AL35+sumair!AL35 -> 0 | BG35: =Asghar!AP35+shahzad!AP35+Fahad!AP35+Asif!AP35+sumair!AP35 -> 0 | BH35: =Asghar!AT35+shahzad!AT35+Fahad!AT35+Asif!AT35+sumair!AT35 -> 0 | BI35: =Asghar!AX35+shahzad!AX35+Fahad!AX35+Asif!AX35+sumair!AX35 -> 0 | BJ35: =Asghar!BB35+shahzad!BB35+Fahad!BB35+Asif!BB35+sumair!BB35 -> 0 | BK35: =Asghar!BF35+shahzad!BF35+Fahad!BF35+Asif!BF35+sumair!BF35 -> 0 | BL35: =Asghar!BJ35+shahzad!BJ35+Fahad!BJ35+Asif!BJ35+sumair!BJ35 -> 0 | BM35: =Asghar!BN35+shahzad!BN35+Fahad!BN35+Asif!BN35+sumair!BN35 -> 0 | BN35: =Asghar!BR35+shahzad!BR35+Fahad!BR35+Asif!BR35+sumair!BR35 -> 0 | BO35: =Asghar!BV35+shahzad!BV35+Fahad!BV35+Asif!BV35+sumair!BV35 -> 0 | BP35: =Asghar!BZ35+shahzad!BZ35+Fahad!BZ35+Asif!BZ35+sumair!BZ35 -> 0 | BQ35: =Asghar!CD35+shahzad!CD35+Fahad!CD35+Asif!CD35+sumair!CD35 -> 0 | BR35: =Asghar!CH35+shahzad!CH35+Fahad!CH35+Asif!CH35+sumair!CH35 -> 0 | BS35: =Asghar!CL35+shahzad!CL35+Fahad!CL35+Asif!CL35+sumair!CL35 -> 0 | BT35: =Asghar!CP35+shahzad!CP35+Fahad!CP35+Asif!CP35+sumair!CP35 -> 0 | BU35: =Asghar!CT35+shahzad!CT35+Fahad!CT35+Asif!CT35+sumair!CT35 -> 0 | BV35: =Asghar!CX35+shahzad!CX35+Fahad!CX35+Asif!CX35+sumair!CX35 -> 0 | BW35: =Asghar!DB35+shahzad!DB35+Fahad!DB35+Asif!DB35+sumair!DB35 -> 0 | BX35: =Asghar!DF35+shahzad!DF35+Fahad!DF35+Asif!DF35+sumair!DF35 -> 0 | BY35: =Asghar!DJ35+shahzad!DJ35+Fahad!DJ35+Asif!DJ35+sumair!DJ35 -> 0 | BZ35: =Asghar!DN35+shahzad!DN35+Fahad!DN35+Asif!DN35+sumair!DN35 -> 0 | CA35: =Asghar!DR35+shahzad!DR35+Fahad!DR35+Asif!DR35+sumair!DR35 -> 0 | CB35: =Asghar!DV35+shahzad!DV35+Fahad!DV35+Asif!DV35+sumair!DV35 -> 0 | CC35: =Asghar!DZ35+shahzad!DZ35+Fahad!DZ35+Asif!DZ35+sumair!DZ35 -> 0 | CD35: =SUM(AY35:CC35) -> 0 | CF35: =N35 -> 0 | CG35: =AW35 -> 0 | CH35: =CG35+CF35 -> 0 | CI35: =CD35 -> 0 | CJ35: =CH35-CI35 -> 0
B36: 106508 | C36: BISCA CHOCOLATE ENROBBED BISCUIT 12 X 24 | D36: 12 | E36: 12 | F36: 187.19547 | L36: =I36/E36 -> 0 | M36: =I36/E36 -> 0 | N36: =M36+H36 -> 0 | O36: =N36*E36 -> 0 | P36: =O36*F36 -> 0 | AW36: =SUM(R36:AV36) -> 0 | AY36: =Asghar!J36+shahzad!J36+Fahad!J36+Asif!J36+sumair!J36 -> 0 | AZ36: =Asghar!N36+shahzad!N36+Fahad!N36+Asif!N36+sumair!N36 -> 0 | BA36: =Asghar!R36+shahzad!R36+Fahad!R36+Asif!R36+sumair!R36 -> 0 | BB36: =Asghar!V36+shahzad!V36+Fahad!V36+Asif!V36+sumair!V36 -> 0 | BC36: =Asghar!Z36+shahzad!Z36+Fahad!Z36+Asif!Z36+sumair!Z36 -> 0 | BD36: =Asghar!AD36+shahzad!AD36+Fahad!AD36+Asif!AD36+sumair!AD36 -> 0 | BE36: =Asghar!AH36+shahzad!AH36+Fahad!AH36+Asif!AH36+sumair!AH36 -> 0 | BF36: =Asghar!AL36+shahzad!AL36+Fahad!AL36+Asif!AL36+sumair!AL36 -> 0 | BG36: =Asghar!AP36+shahzad!AP36+Fahad!AP36+Asif!AP36+sumair!AP36 -> 0 | BH36: =Asghar!AT36+shahzad!AT36+Fahad!AT36+Asif!AT36+sumair!AT36 -> 0 | BI36: =Asghar!AX36+shahzad!AX36+Fahad!AX36+Asif!AX36+sumair!AX36 -> 0 | BJ36: =Asghar!BB36+shahzad!BB36+Fahad!BB36+Asif!BB36+sumair!BB36 -> 0 | BK36: =Asghar!BF36+shahzad!BF36+Fahad!BF36+Asif!BF36+sumair!BF36 -> 0 | BL36: =Asghar!BJ36+shahzad!BJ36+Fahad!BJ36+Asif!BJ36+sumair!BJ36 -> 0 | BM36: =Asghar!BN36+shahzad!BN36+Fahad!BN36+Asif!BN36+sumair!BN36 -> 0 | BN36: =Asghar!BR36+shahzad!BR36+Fahad!BR36+Asif!BR36+sumair!BR36 -> 0 | BO36: =Asghar!BV36+shahzad!BV36+Fahad!BV36+Asif!BV36+sumair!BV36 -> 0 | BP36: =Asghar!BZ36+shahzad!BZ36+Fahad!BZ36+Asif!BZ36+sumair!BZ36 -> 0 | BQ36: =Asghar!CD36+shahzad!CD36+Fahad!CD36+Asif!CD36+sumair!CD36 -> 0 | BR36: =Asghar!CH36+shahzad!CH36+Fahad!CH36+Asif!CH36+sumair!CH36 -> 0 | BS36: =Asghar!CL36+shahzad!CL36+Fahad!CL36+Asif!CL36+sumair!CL36 -> 0 | BT36: =Asghar!CP36+shahzad!CP36+Fahad!CP36+Asif!CP36+sumair!CP36 -> 0 | BU36: =Asghar!CT36+shahzad!CT36+Fahad!CT36+Asif!CT36+sumair!CT36 -> 0 | BV36: =Asghar!CX36+shahzad!CX36+Fahad!CX36+Asif!CX36+sumair!CX36 -> 0 | BW36: =Asghar!DB36+shahzad!DB36+Fahad!DB36+Asif!DB36+sumair!DB36 -> 0 | BX36: =Asghar!DF36+shahzad!DF36+Fahad!DF36+Asif!DF36+sumair!DF36 -> 0 | BY36: =Asghar!DJ36+shahzad!DJ36+Fahad!DJ36+Asif!DJ36+sumair!DJ36 -> 0 | BZ36: =Asghar!DN36+shahzad!DN36+Fahad!DN36+Asif!DN36+sumair!DN36 -> 0 | CA36: =Asghar!DR36+shahzad!DR36+Fahad!DR36+Asif!DR36+sumair!DR36 -> 0 | CB36: =Asghar!DV36+shahzad!DV36+Fahad!DV36+Asif!DV36+sumair!DV36 -> 0 | CC36: =Asghar!DZ36+shahzad!DZ36+Fahad!DZ36+Asif!DZ36+sumair!DZ36 -> 0 | CD36: =SUM(AY36:CC36) -> 0 | CF36: =N36 -> 0 | CG36: =AW36 -> 0 | CH36: =CG36+CF36 -> 0 | CI36: =CD36 -> 0 | CJ36: =CH36-CI36 -> 0
B37: 106509 | C37: BISCA CHOCOLATE RS 50 12 X 12 | D37: 12 | E37: 12 | F37: 475.78878 | L37: =I37/E37 -> 0 | M37: =I37/E37 -> 0 | N37: =M37+H37 -> 0 | O37: =N37*E37 -> 0 | P37: =O37*F37 -> 0 | AW37: =SUM(R37:AV37) -> 0 | AY37: =Asghar!J37+shahzad!J37+Fahad!J37+Asif!J37+sumair!J37 -> 0 | AZ37: =Asghar!N37+shahzad!N37+Fahad!N37+Asif!N37+sumair!N37 -> 0 | BA37: =Asghar!R37+shahzad!R37+Fahad!R37+Asif!R37+sumair!R37 -> 0 | BB37: =Asghar!V37+shahzad!V37+Fahad!V37+Asif!V37+sumair!V37 -> 0 | BC37: =Asghar!Z37+shahzad!Z37+Fahad!Z37+Asif!Z37+sumair!Z37 -> 0 | BD37: =Asghar!AD37+shahzad!AD37+Fahad!AD37+Asif!AD37+sumair!AD37 -> 0 | BE37: =Asghar!AH37+shahzad!AH37+Fahad!AH37+Asif!AH37+sumair!AH37 -> 0 | BF37: =Asghar!AL37+shahzad!AL37+Fahad!AL37+Asif!AL37+sumair!AL37 -> 0 | BG37: =Asghar!AP37+shahzad!AP37+Fahad!AP37+Asif!AP37+sumair!AP37 -> 0 | BH37: =Asghar!AT37+shahzad!AT37+Fahad!AT37+Asif!AT37+sumair!AT37 -> 0 | BI37: =Asghar!AX37+shahzad!AX37+Fahad!AX37+Asif!AX37+sumair!AX37 -> 0 | BJ37: =Asghar!BB37+shahzad!BB37+Fahad!BB37+Asif!BB37+sumair!BB37 -> 0 | BK37: =Asghar!BF37+shahzad!BF37+Fahad!BF37+Asif!BF37+sumair!BF37 -> 0 | BL37: =Asghar!BJ37+shahzad!BJ37+Fahad!BJ37+Asif!BJ37+sumair!BJ37 -> 0 | BM37: =Asghar!BN37+shahzad!BN37+Fahad!BN37+Asif!BN37+sumair!BN37 -> 0 | BN37: =Asghar!BR37+shahzad!BR37+Fahad!BR37+Asif!BR37+sumair!BR37 -> 0 | BO37: =Asghar!BV37+shahzad!BV37+Fahad!BV37+Asif!BV37+sumair!BV37 -> 0 | BP37: =Asghar!BZ37+shahzad!BZ37+Fahad!BZ37+Asif!BZ37+sumair!BZ37 -> 0 | BQ37: =Asghar!CD37+shahzad!CD37+Fahad!CD37+Asif!CD37+sumair!CD37 -> 0 | BR37: =Asghar!CH37+shahzad!CH37+Fahad!CH37+Asif!CH37+sumair!CH37 -> 0 | BS37: =Asghar!CL37+shahzad!CL37+Fahad!CL37+Asif!CL37+sumair!CL37 -> 0 | BT37: =Asghar!CP37+shahzad!CP37+Fahad!CP37+Asif!CP37+sumair!CP37 -> 0 | BU37: =Asghar!CT37+shahzad!CT37+Fahad!CT37+Asif!CT37+sumair!CT37 -> 0 | BV37: =Asghar!CX37+shahzad!CX37+Fahad!CX37+Asif!CX37+sumair!CX37 -> 0 | BW37: =Asghar!DB37+shahzad!DB37+Fahad!DB37+Asif!DB37+sumair!DB37 -> 0 | BX37: =Asghar!DF37+shahzad!DF37+Fahad!DF37+Asif!DF37+sumair!DF37 -> 0 | BY37: =Asghar!DJ37+shahzad!DJ37+Fahad!DJ37+Asif!DJ37+sumair!DJ37 -> 0 | BZ37: =Asghar!DN37+shahzad!DN37+Fahad!DN37+Asif!DN37+sumair!DN37 -> 0 | CA37: =Asghar!DR37+shahzad!DR37+Fahad!DR37+Asif!DR37+sumair!DR37 -> 0 | CB37: =Asghar!DV37+shahzad!DV37+Fahad!DV37+Asif!DV37+sumair!DV37 -> 0 | CC37: =Asghar!DZ37+shahzad!DZ37+Fahad!DZ37+Asif!DZ37+sumair!DZ37 -> 0 | CD37: =SUM(AY37:CC37) -> 0 | CF37: =N37 -> 0 | CG37: =AW37 -> 0 | CH37: =CG37+CF37 -> 0 | CI37: =CD37 -> 0 | CJ37: =CH37-CI37 -> 0
B38: 106515 | C38: CHOC-OH RS 20/= 12 PC X 12 BOX | D38: 12 | E38: 12 | F38: 190.17517 | L38: =I38/E38 -> 0 | M38: =I38/E38 -> 0 | N38: =M38+H38 -> 0 | O38: =N38*E38 -> 0 | P38: =O38*F38 -> 0 | AW38: =SUM(R38:AV38) -> 0 | AY38: =Asghar!J38+shahzad!J38+Fahad!J38+Asif!J38+sumair!J38 -> 0 | AZ38: =Asghar!N38+shahzad!N38+Fahad!N38+Asif!N38+sumair!N38 -> 0 | BA38: =Asghar!R38+shahzad!R38+Fahad!R38+Asif!R38+sumair!R38 -> 0 | BB38: =Asghar!V38+shahzad!V38+Fahad!V38+Asif!V38+sumair!V38 -> 0 | BC38: =Asghar!Z38+shahzad!Z38+Fahad!Z38+Asif!Z38+sumair!Z38 -> 0 | BD38: =Asghar!AD38+shahzad!AD38+Fahad!AD38+Asif!AD38+sumair!AD38 -> 0 | BE38: =Asghar!AH38+shahzad!AH38+Fahad!AH38+Asif!AH38+sumair!AH38 -> 0 | BF38: =Asghar!AL38+shahzad!AL38+Fahad!AL38+Asif!AL38+sumair!AL38 -> 0 | BG38: =Asghar!AP38+shahzad!AP38+Fahad!AP38+Asif!AP38+sumair!AP38 -> 0 | BH38: =Asghar!AT38+shahzad!AT38+Fahad!AT38+Asif!AT38+sumair!AT38 -> 0 | BI38: =Asghar!AX38+shahzad!AX38+Fahad!AX38+Asif!AX38+sumair!AX38 -> 0 | BJ38: =Asghar!BB38+shahzad!BB38+Fahad!BB38+Asif!BB38+sumair!BB38 -> 0 | BK38: =Asghar!BF38+shahzad!BF38+Fahad!BF38+Asif!BF38+sumair!BF38 -> 0 | BL38: =Asghar!BJ38+shahzad!BJ38+Fahad!BJ38+Asif!BJ38+sumair!BJ38 -> 0 | BM38: =Asghar!BN38+shahzad!BN38+Fahad!BN38+Asif!BN38+sumair!BN38 -> 0 | BN38: =Asghar!BR38+shahzad!BR38+Fahad!BR38+Asif!BR38+sumair!BR38 -> 0 | BO38: =Asghar!BV38+shahzad!BV38+Fahad!BV38+Asif!BV38+sumair!BV38 -> 0 | BP38: =Asghar!BZ38+shahzad!BZ38+Fahad!BZ38+Asif!BZ38+sumair!BZ38 -> 0 | BQ38: =Asghar!CD38+shahzad!CD38+Fahad!CD38+Asif!CD38+sumair!CD38 -> 0 | BR38: =Asghar!CH38+shahzad!CH38+Fahad!CH38+Asif!CH38+sumair!CH38 -> 0 | BS38: =Asghar!CL38+shahzad!CL38+Fahad!CL38+Asif!CL38+sumair!CL38 -> 0 | BT38: =Asghar!CP38+shahzad!CP38+Fahad!CP38+Asif!CP38+sumair!CP38 -> 0 | BU38: =Asghar!CT38+shahzad!CT38+Fahad!CT38+Asif!CT38+sumair!CT38 -> 0 | BV38: =Asghar!CX38+shahzad!CX38+Fahad!CX38+Asif!CX38+sumair!CX38 -> 0 | BW38: =Asghar!DB38+shahzad!DB38+Fahad!DB38+Asif!DB38+sumair!DB38 -> 0 | BX38: =Asghar!DF38+shahzad!DF38+Fahad!DF38+Asif!DF38+sumair!DF38 -> 0 | BY38: =Asghar!DJ38+shahzad!DJ38+Fahad!DJ38+Asif!DJ38+sumair!DJ38 -> 0 | BZ38: =Asghar!DN38+shahzad!DN38+Fahad!DN38+Asif!DN38+sumair!DN38 -> 0 | CA38: =Asghar!DR38+shahzad!DR38+Fahad!DR38+Asif!DR38+sumair!DR38 -> 0 | CB38: =Asghar!DV38+shahzad!DV38+Fahad!DV38+Asif!DV38+sumair!DV38 -> 0 | CC38: =Asghar!DZ38+shahzad!DZ38+Fahad!DZ38+Asif!DZ38+sumair!DZ38 -> 0 | CD38: =SUM(AY38:CC38) -> 0 | CF38: =N38 -> 0 | CG38: =AW38 -> 0 | CH38: =CG38+CF38 -> 0 | CI38: =CD38 -> 0 | CJ38: =CH38-CI38 -> 0
B39: 106526 | C39: CROWN HAZELNUT 24 PC X 18 BOX | D39: 24 | E39: 18 | F39: 189.29879 | H39: 11 | I39: 9 | L39: =I39/E39 -> 0.5 | M39: =I39/E39 -> 0.5 | N39: =M39+H39 -> 11.5 | O39: =N39*E39 -> 207 | P39: =O39*F39 -> 39184.85 | AW39: =SUM(R39:AV39) -> 0 | AY39: =Asghar!J39+shahzad!J39+Fahad!J39+Asif!J39+sumair!J39 -> 0 | AZ39: =Asghar!N39+shahzad!N39+Fahad!N39+Asif!N39+sumair!N39 -> 0 | BA39: =Asghar!R39+shahzad!R39+Fahad!R39+Asif!R39+sumair!R39 -> 0 | BB39: =Asghar!V39+shahzad!V39+Fahad!V39+Asif!V39+sumair!V39 -> 0 | BC39: =Asghar!Z39+shahzad!Z39+Fahad!Z39+Asif!Z39+sumair!Z39 -> 0 | BD39: =Asghar!AD39+shahzad!AD39+Fahad!AD39+Asif!AD39+sumair!AD39 -> 0 | BE39: =Asghar!AH39+shahzad!AH39+Fahad!AH39+Asif!AH39+sumair!AH39 -> 0 | BF39: =Asghar!AL39+shahzad!AL39+Fahad!AL39+Asif!AL39+sumair!AL39 -> 0 | BG39: =Asghar!AP39+shahzad!AP39+Fahad!AP39+Asif!AP39+sumair!AP39 -> 0 | BH39: =Asghar!AT39+shahzad!AT39+Fahad!AT39+Asif!AT39+sumair!AT39 -> 0 | BI39: =Asghar!AX39+shahzad!AX39+Fahad!AX39+Asif!AX39+sumair!AX39 -> 0 | BJ39: =Asghar!BB39+shahzad!BB39+Fahad!BB39+Asif!BB39+sumair!BB39 -> 0 | BK39: =Asghar!BF39+shahzad!BF39+Fahad!BF39+Asif!BF39+sumair!BF39 -> 0 | BL39: =Asghar!BJ39+shahzad!BJ39+Fahad!BJ39+Asif!BJ39+sumair!BJ39 -> 0 | BM39: =Asghar!BN39+shahzad!BN39+Fahad!BN39+Asif!BN39+sumair!BN39 -> 0 | BN39: =Asghar!BR39+shahzad!BR39+Fahad!BR39+Asif!BR39+sumair!BR39 -> 0 | BO39: =Asghar!BV39+shahzad!BV39+Fahad!BV39+Asif!BV39+sumair!BV39 -> 0 | BP39: =Asghar!BZ39+shahzad!BZ39+Fahad!BZ39+Asif!BZ39+sumair!BZ39 -> 0 | BQ39: =Asghar!CD39+shahzad!CD39+Fahad!CD39+Asif!CD39+sumair!CD39 -> 0 | BR39: =Asghar!CH39+shahzad!CH39+Fahad!CH39+Asif!CH39+sumair!CH39 -> 0 | BS39: =Asghar!CL39+shahzad!CL39+Fahad!CL39+Asif!CL39+sumair!CL39 -> 0 | BT39: =Asghar!CP39+shahzad!CP39+Fahad!CP39+Asif!CP39+sumair!CP39 -> 0 | BU39: =Asghar!CT39+shahzad!CT39+Fahad!CT39+Asif!CT39+sumair!CT39 -> 0 | BV39: =Asghar!CX39+shahzad!CX39+Fahad!CX39+Asif!CX39+sumair!CX39 -> 0 | BW39: =Asghar!DB39+shahzad!DB39+Fahad!DB39+Asif!DB39+sumair!DB39 -> 0 | BX39: =Asghar!DF39+shahzad!DF39+Fahad!DF39+Asif!DF39+sumair!DF39 -> 0 | BY39: =Asghar!DJ39+shahzad!DJ39+Fahad!DJ39+Asif!DJ39+sumair!DJ39 -> 0 | BZ39: =Asghar!DN39+shahzad!DN39+Fahad!DN39+Asif!DN39+sumair!DN39 -> 0 | CA39: =Asghar!DR39+shahzad!DR39+Fahad!DR39+Asif!DR39+sumair!DR39 -> 0 | CB39: =Asghar!DV39+shahzad!DV39+Fahad!DV39+Asif!DV39+sumair!DV39 -> 0 | CC39: =Asghar!DZ39+shahzad!DZ39+Fahad!DZ39+Asif!DZ39+sumair!DZ39 -> 0 | CD39: =SUM(AY39:CC39) -> 0 | CF39: =N39 -> 11.5 | CG39: =AW39 -> 0 | CH39: =CG39+CF39 -> 11.5 | CI39: =CD39 -> 0 | CJ39: =CH39-CI39 -> 11.5
B40: 106527 | C40: CROWN MANGO 24 PC X 18 BOX | D40: 24 | E40: 18 | F40: 189.29879 | H40: 7 | I40: 16 | L40: =I40/E40 -> 0.88888889 | M40: =I40/E40 -> 0.88888889 | N40: =M40+H40 -> 7.8888889 | O40: =N40*E40 -> 142 | P40: =O40*F40 -> 26880.428 | AW40: =SUM(R40:AV40) -> 0 | AY40: =Asghar!J40+shahzad!J40+Fahad!J40+Asif!J40+sumair!J40 -> 0 | AZ40: =Asghar!N40+shahzad!N40+Fahad!N40+Asif!N40+sumair!N40 -> 0 | BA40: =Asghar!R40+shahzad!R40+Fahad!R40+Asif!R40+sumair!R40 -> 0 | BB40: =Asghar!V40+shahzad!V40+Fahad!V40+Asif!V40+sumair!V40 -> 0 | BC40: =Asghar!Z40+shahzad!Z40+Fahad!Z40+Asif!Z40+sumair!Z40 -> 0 | BD40: =Asghar!AD40+shahzad!AD40+Fahad!AD40+Asif!AD40+sumair!AD40 -> 0 | BE40: =Asghar!AH40+shahzad!AH40+Fahad!AH40+Asif!AH40+sumair!AH40 -> 0 | BF40: =Asghar!AL40+shahzad!AL40+Fahad!AL40+Asif!AL40+sumair!AL40 -> 0 | BG40: =Asghar!AP40+shahzad!AP40+Fahad!AP40+Asif!AP40+sumair!AP40 -> 0 | BH40: =Asghar!AT40+shahzad!AT40+Fahad!AT40+Asif!AT40+sumair!AT40 -> 0 | BI40: =Asghar!AX40+shahzad!AX40+Fahad!AX40+Asif!AX40+sumair!AX40 -> 0 | BJ40: =Asghar!BB40+shahzad!BB40+Fahad!BB40+Asif!BB40+sumair!BB40 -> 0 | BK40: =Asghar!BF40+shahzad!BF40+Fahad!BF40+Asif!BF40+sumair!BF40 -> 0 | BL40: =Asghar!BJ40+shahzad!BJ40+Fahad!BJ40+Asif!BJ40+sumair!BJ40 -> 0 | BM40: =Asghar!BN40+shahzad!BN40+Fahad!BN40+Asif!BN40+sumair!BN40 -> 0 | BN40: =Asghar!BR40+shahzad!BR40+Fahad!BR40+Asif!BR40+sumair!BR40 -> 0 | BO40: =Asghar!BV40+shahzad!BV40+Fahad!BV40+Asif!BV40+sumair!BV40 -> 0 | BP40: =Asghar!BZ40+shahzad!BZ40+Fahad!BZ40+Asif!BZ40+sumair!BZ40 -> 0 | BQ40: =Asghar!CD40+shahzad!CD40+Fahad!CD40+Asif!CD40+sumair!CD40 -> 0 | BR40: =Asghar!CH40+shahzad!CH40+Fahad!CH40+Asif!CH40+sumair!CH40 -> 0 | BS40: =Asghar!CL40+shahzad!CL40+Fahad!CL40+Asif!CL40+sumair!CL40 -> 0 | BT40: =Asghar!CP40+shahzad!CP40+Fahad!CP40+Asif!CP40+sumair!CP40 -> 0 | BU40: =Asghar!CT40+shahzad!CT40+Fahad!CT40+Asif!CT40+sumair!CT40 -> 0 | BV40: =Asghar!CX40+shahzad!CX40+Fahad!CX40+Asif!CX40+sumair!CX40 -> 0 | BW40: =Asghar!DB40+shahzad!DB40+Fahad!DB40+Asif!DB40+sumair!DB40 -> 0 | BX40: =Asghar!DF40+shahzad!DF40+Fahad!DF40+Asif!DF40+sumair!DF40 -> 0 | BY40: =Asghar!DJ40+shahzad!DJ40+Fahad!DJ40+Asif!DJ40+sumair!DJ40 -> 0 | BZ40: =Asghar!DN40+shahzad!DN40+Fahad!DN40+Asif!DN40+sumair!DN40 -> 0 | CA40: =Asghar!DR40+shahzad!DR40+Fahad!DR40+Asif!DR40+sumair!DR40 -> 0 | CB40: =Asghar!DV40+shahzad!DV40+Fahad!DV40+Asif!DV40+sumair!DV40 -> 0 | CC40: =Asghar!DZ40+shahzad!DZ40+Fahad!DZ40+Asif!DZ40+sumair!DZ40 -> 0 | CD40: =SUM(AY40:CC40) -> 0 | CF40: =N40 -> 7.8888889 | CG40: =AW40 -> 0 | CH40: =CG40+CF40 -> 7.8888889 | CI40: =CD40 -> 0 | CJ40: =CH40-CI40 -> 7.8888889
B41: 106528 | C41: CROWN COCONUT 24 PC X 18 BOX | D41: 24 | E41: 18 | F41: 189.29879 | H41: 4 | I41: 3 | L41: =I41/E41 -> 0.16666667 | M41: =I41/E41 -> 0.16666667 | N41: =M41+H41 -> 4.1666667 | O41: =N41*E41 -> 75 | P41: =O41*F41 -> 14197.409 | AW41: =SUM(R41:AV41) -> 0 | AY41: =Asghar!J41+shahzad!J41+Fahad!J41+Asif!J41+sumair!J41 -> 0 | AZ41: =Asghar!N41+shahzad!N41+Fahad!N41+Asif!N41+sumair!N41 -> 0 | BA41: =Asghar!R41+shahzad!R41+Fahad!R41+Asif!R41+sumair!R41 -> 0 | BB41: =Asghar!V41+shahzad!V41+Fahad!V41+Asif!V41+sumair!V41 -> 0 | BC41: =Asghar!Z41+shahzad!Z41+Fahad!Z41+Asif!Z41+sumair!Z41 -> 0 | BD41: =Asghar!AD41+shahzad!AD41+Fahad!AD41+Asif!AD41+sumair!AD41 -> 0 | BE41: =Asghar!AH41+shahzad!AH41+Fahad!AH41+Asif!AH41+sumair!AH41 -> 0 | BF41: =Asghar!AL41+shahzad!AL41+Fahad!AL41+Asif!AL41+sumair!AL41 -> 0 | BG41: =Asghar!AP41+shahzad!AP41+Fahad!AP41+Asif!AP41+sumair!AP41 -> 0 | BH41: =Asghar!AT41+shahzad!AT41+Fahad!AT41+Asif!AT41+sumair!AT41 -> 0 | BI41: =Asghar!AX41+shahzad!AX41+Fahad!AX41+Asif!AX41+sumair!AX41 -> 0 | BJ41: =Asghar!BB41+shahzad!BB41+Fahad!BB41+Asif!BB41+sumair!BB41 -> 0 | BK41: =Asghar!BF41+shahzad!BF41+Fahad!BF41+Asif!BF41+sumair!BF41 -> 0 | BL41: =Asghar!BJ41+shahzad!BJ41+Fahad!BJ41+Asif!BJ41+sumair!BJ41 -> 0 | BM41: =Asghar!BN41+shahzad!BN41+Fahad!BN41+Asif!BN41+sumair!BN41 -> 0 | BN41: =Asghar!BR41+shahzad!BR41+Fahad!BR41+Asif!BR41+sumair!BR41 -> 0 | BO41: =Asghar!BV41+shahzad!BV41+Fahad!BV41+Asif!BV41+sumair!BV41 -> 0 | BP41: =Asghar!BZ41+shahzad!BZ41+Fahad!BZ41+Asif!BZ41+sumair!BZ41 -> 0 | BQ41: =Asghar!CD41+shahzad!CD41+Fahad!CD41+Asif!CD41+sumair!CD41 -> 0 | BR41: =Asghar!CH41+shahzad!CH41+Fahad!CH41+Asif!CH41+sumair!CH41 -> 0 | BS41: =Asghar!CL41+shahzad!CL41+Fahad!CL41+Asif!CL41+sumair!CL41 -> 0 | BT41: =Asghar!CP41+shahzad!CP41+Fahad!CP41+Asif!CP41+sumair!CP41 -> 0 | BU41: =Asghar!CT41+shahzad!CT41+Fahad!CT41+Asif!CT41+sumair!CT41 -> 0 | BV41: =Asghar!CX41+shahzad!CX41+Fahad!CX41+Asif!CX41+sumair!CX41 -> 0 | BW41: =Asghar!DB41+shahzad!DB41+Fahad!DB41+Asif!DB41+sumair!DB41 -> 0 | BX41: =Asghar!DF41+shahzad!DF41+Fahad!DF41+Asif!DF41+sumair!DF41 -> 0 | BY41: =Asghar!DJ41+shahzad!DJ41+Fahad!DJ41+Asif!DJ41+sumair!DJ41 -> 0 | BZ41: =Asghar!DN41+shahzad!DN41+Fahad!DN41+Asif!DN41+sumair!DN41 -> 0 | CA41: =Asghar!DR41+shahzad!DR41+Fahad!DR41+Asif!DR41+sumair!DR41 -> 0 | CB41: =Asghar!DV41+shahzad!DV41+Fahad!DV41+Asif!DV41+sumair!DV41 -> 0 | CC41: =Asghar!DZ41+shahzad!DZ41+Fahad!DZ41+Asif!DZ41+sumair!DZ41 -> 0 | CD41: =SUM(AY41:CC41) -> 0 | CF41: =N41 -> 4.1666667 | CG41: =AW41 -> 0 | CH41: =CG41+CF41 -> 4.1666667 | CI41: =CD41 -> 0 | CJ41: =CH41-CI41 -> 4.1666667
B42: 106608 | C42: Sonnet - Rs. 20 - (12 x 24) - Box - Xtra | D42: 12 | E42: 24 | F42: 190.67177 | H42: 5 | I42: 22 | L42: =I42/E42 -> 0.91666667 | M42: =I42/E42 -> 0.91666667 | N42: =M42+H42 -> 5.9166667 | O42: =N42*E42 -> 142 | P42: =O42*F42 -> 27075.392 | AW42: =SUM(R42:AV42) -> 0 | AY42: =Asghar!J42+shahzad!J42+Fahad!J42+Asif!J42+sumair!J42 -> 0 | AZ42: =Asghar!N42+shahzad!N42+Fahad!N42+Asif!N42+sumair!N42 -> 0 | BA42: =Asghar!R42+shahzad!R42+Fahad!R42+Asif!R42+sumair!R42 -> 0 | BB42: =Asghar!V42+shahzad!V42+Fahad!V42+Asif!V42+sumair!V42 -> 0 | BC42: =Asghar!Z42+shahzad!Z42+Fahad!Z42+Asif!Z42+sumair!Z42 -> 0 | BD42: =Asghar!AD42+shahzad!AD42+Fahad!AD42+Asif!AD42+sumair!AD42 -> 0 | BE42: =Asghar!AH42+shahzad!AH42+Fahad!AH42+Asif!AH42+sumair!AH42 -> 0 | BF42: =Asghar!AL42+shahzad!AL42+Fahad!AL42+Asif!AL42+sumair!AL42 -> 0 | BG42: =Asghar!AP42+shahzad!AP42+Fahad!AP42+Asif!AP42+sumair!AP42 -> 0 | BH42: =Asghar!AT42+shahzad!AT42+Fahad!AT42+Asif!AT42+sumair!AT42 -> 0 | BI42: =Asghar!AX42+shahzad!AX42+Fahad!AX42+Asif!AX42+sumair!AX42 -> 0 | BJ42: =Asghar!BB42+shahzad!BB42+Fahad!BB42+Asif!BB42+sumair!BB42 -> 0 | BK42: =Asghar!BF42+shahzad!BF42+Fahad!BF42+Asif!BF42+sumair!BF42 -> 0 | BL42: =Asghar!BJ42+shahzad!BJ42+Fahad!BJ42+Asif!BJ42+sumair!BJ42 -> 0 | BM42: =Asghar!BN42+shahzad!BN42+Fahad!BN42+Asif!BN42+sumair!BN42 -> 0 | BN42: =Asghar!BR42+shahzad!BR42+Fahad!BR42+Asif!BR42+sumair!BR42 -> 0 | BO42: =Asghar!BV42+shahzad!BV42+Fahad!BV42+Asif!BV42+sumair!BV42 -> 0 | BP42: =Asghar!BZ42+shahzad!BZ42+Fahad!BZ42+Asif!BZ42+sumair!BZ42 -> 0 | BQ42: =Asghar!CD42+shahzad!CD42+Fahad!CD42+Asif!CD42+sumair!CD42 -> 0 | BR42: =Asghar!CH42+shahzad!CH42+Fahad!CH42+Asif!CH42+sumair!CH42 -> 0 | BS42: =Asghar!CL42+shahzad!CL42+Fahad!CL42+Asif!CL42+sumair!CL42 -> 0 | BT42: =Asghar!CP42+shahzad!CP42+Fahad!CP42+Asif!CP42+sumair!CP42 -> 0 | BU42: =Asghar!CT42+shahzad!CT42+Fahad!CT42+Asif!CT42+sumair!CT42 -> 0 | BV42: =Asghar!CX42+shahzad!CX42+Fahad!CX42+Asif!CX42+sumair!CX42 -> 0 | BW42: =Asghar!DB42+shahzad!DB42+Fahad!DB42+Asif!DB42+sumair!DB42 -> 0 | BX42: =Asghar!DF42+shahzad!DF42+Fahad!DF42+Asif!DF42+sumair!DF42 -> 0 | BY42: =Asghar!DJ42+shahzad!DJ42+Fahad!DJ42+Asif!DJ42+sumair!DJ42 -> 0 | BZ42: =Asghar!DN42+shahzad!DN42+Fahad!DN42+Asif!DN42+sumair!DN42 -> 0 | CA42: =Asghar!DR42+shahzad!DR42+Fahad!DR42+Asif!DR42+sumair!DR42 -> 0 | CB42: =Asghar!DV42+shahzad!DV42+Fahad!DV42+Asif!DV42+sumair!DV42 -> 0 | CC42: =Asghar!DZ42+shahzad!DZ42+Fahad!DZ42+Asif!DZ42+sumair!DZ42 -> 0 | CD42: =SUM(AY42:CC42) -> 0 | CF42: =N42 -> 5.9166667 | CG42: =AW42 -> 0 | CH42: =CG42+CF42 -> 5.9166667 | CI42: =CD42 -> 0 | CJ42: =CH42-CI42 -> 5.9166667
B43: 106609 | C43: Now - Rs. 20 - (12 x 24) - Box – Xtra | D43: 12 | E43: 24 | F43: 190.67177 | H43: 8 | I43: 13 | L43: =I43/E43 -> 0.54166667 | M43: =I43/E43 -> 0.54166667 | N43: =M43+H43 -> 8.5416667 | O43: =N43*E43 -> 205 | P43: =O43*F43 -> 39087.714 | AW43: =SUM(R43:AV43) -> 0 | AY43: =Asghar!J43+shahzad!J43+Fahad!J43+Asif!J43+sumair!J43 -> 0 | AZ43: =Asghar!N43+shahzad!N43+Fahad!N43+Asif!N43+sumair!N43 -> 0 | BA43: =Asghar!R43+shahzad!R43+Fahad!R43+Asif!R43+sumair!R43 -> 0 | BB43: =Asghar!V43+shahzad!V43+Fahad!V43+Asif!V43+sumair!V43 -> 0 | BC43: =Asghar!Z43+shahzad!Z43+Fahad!Z43+Asif!Z43+sumair!Z43 -> 0 | BD43: =Asghar!AD43+shahzad!AD43+Fahad!AD43+Asif!AD43+sumair!AD43 -> 0 | BE43: =Asghar!AH43+shahzad!AH43+Fahad!AH43+Asif!AH43+sumair!AH43 -> 0 | BF43: =Asghar!AL43+shahzad!AL43+Fahad!AL43+Asif!AL43+sumair!AL43 -> 0 | BG43: =Asghar!AP43+shahzad!AP43+Fahad!AP43+Asif!AP43+sumair!AP43 -> 0 | BH43: =Asghar!AT43+shahzad!AT43+Fahad!AT43+Asif!AT43+sumair!AT43 -> 0 | BI43: =Asghar!AX43+shahzad!AX43+Fahad!AX43+Asif!AX43+sumair!AX43 -> 0 | BJ43: =Asghar!BB43+shahzad!BB43+Fahad!BB43+Asif!BB43+sumair!BB43 -> 0 | BK43: =Asghar!BF43+shahzad!BF43+Fahad!BF43+Asif!BF43+sumair!BF43 -> 0 | BL43: =Asghar!BJ43+shahzad!BJ43+Fahad!BJ43+Asif!BJ43+sumair!BJ43 -> 0 | BM43: =Asghar!BN43+shahzad!BN43+Fahad!BN43+Asif!BN43+sumair!BN43 -> 0 | BN43: =Asghar!BR43+shahzad!BR43+Fahad!BR43+Asif!BR43+sumair!BR43 -> 0 | BO43: =Asghar!BV43+shahzad!BV43+Fahad!BV43+Asif!BV43+sumair!BV43 -> 0 | BP43: =Asghar!BZ43+shahzad!BZ43+Fahad!BZ43+Asif!BZ43+sumair!BZ43 -> 0 | BQ43: =Asghar!CD43+shahzad!CD43+Fahad!CD43+Asif!CD43+sumair!CD43 -> 0 | BR43: =Asghar!CH43+shahzad!CH43+Fahad!CH43+Asif!CH43+sumair!CH43 -> 0 | BS43: =Asghar!CL43+shahzad!CL43+Fahad!CL43+Asif!CL43+sumair!CL43 -> 0 | BT43: =Asghar!CP43+shahzad!CP43+Fahad!CP43+Asif!CP43+sumair!CP43 -> 0 | BU43: =Asghar!CT43+shahzad!CT43+Fahad!CT43+Asif!CT43+sumair!CT43 -> 0 | BV43: =Asghar!CX43+shahzad!CX43+Fahad!CX43+Asif!CX43+sumair!CX43 -> 0 | BW43: =Asghar!DB43+shahzad!DB43+Fahad!DB43+Asif!DB43+sumair!DB43 -> 0 | BX43: =Asghar!DF43+shahzad!DF43+Fahad!DF43+Asif!DF43+sumair!DF43 -> 0 | BY43: =Asghar!DJ43+shahzad!DJ43+Fahad!DJ43+Asif!DJ43+sumair!DJ43 -> 0 | BZ43: =Asghar!DN43+shahzad!DN43+Fahad!DN43+Asif!DN43+sumair!DN43 -> 0 | CA43: =Asghar!DR43+shahzad!DR43+Fahad!DR43+Asif!DR43+sumair!DR43 -> 0 | CB43: =Asghar!DV43+shahzad!DV43+Fahad!DV43+Asif!DV43+sumair!DV43 -> 0 | CC43: =Asghar!DZ43+shahzad!DZ43+Fahad!DZ43+Asif!DZ43+sumair!DZ43 -> 0 | CD43: =SUM(AY43:CC43) -> 0 | CF43: =N43 -> 8.5416667 | CG43: =AW43 -> 0 | CH43: =CG43+CF43 -> 8.5416667 | CI43: =CD43 -> 0 | CJ43: =CH43-CI43 -> 8.5416667
B44: 106611 | C44: Paradise - Rs. 20 - (12x24) - Box - Xtra | D44: 12 | E44: 24 | F44: 190.67177 | H44: 5 | I44: 23 | L44: =I44/E44 -> 0.95833333 | M44: =I44/E44 -> 0.95833333 | N44: =M44+H44 -> 5.9583333 | O44: =N44*E44 -> 143 | P44: =O44*F44 -> 27266.064 | AW44: =SUM(R44:AV44) -> 0 | AY44: =Asghar!J44+shahzad!J44+Fahad!J44+Asif!J44+sumair!J44 -> 0 | AZ44: =Asghar!N44+shahzad!N44+Fahad!N44+Asif!N44+sumair!N44 -> 0 | BA44: =Asghar!R44+shahzad!R44+Fahad!R44+Asif!R44+sumair!R44 -> 0 | BB44: =Asghar!V44+shahzad!V44+Fahad!V44+Asif!V44+sumair!V44 -> 0 | BC44: =Asghar!Z44+shahzad!Z44+Fahad!Z44+Asif!Z44+sumair!Z44 -> 0 | BD44: =Asghar!AD44+shahzad!AD44+Fahad!AD44+Asif!AD44+sumair!AD44 -> 0 | BE44: =Asghar!AH44+shahzad!AH44+Fahad!AH44+Asif!AH44+sumair!AH44 -> 0 | BF44: =Asghar!AL44+shahzad!AL44+Fahad!AL44+Asif!AL44+sumair!AL44 -> 0 | BG44: =Asghar!AP44+shahzad!AP44+Fahad!AP44+Asif!AP44+sumair!AP44 -> 0 | BH44: =Asghar!AT44+shahzad!AT44+Fahad!AT44+Asif!AT44+sumair!AT44 -> 0 | BI44: =Asghar!AX44+shahzad!AX44+Fahad!AX44+Asif!AX44+sumair!AX44 -> 0 | BJ44: =Asghar!BB44+shahzad!BB44+Fahad!BB44+Asif!BB44+sumair!BB44 -> 0 | BK44: =Asghar!BF44+shahzad!BF44+Fahad!BF44+Asif!BF44+sumair!BF44 -> 0 | BL44: =Asghar!BJ44+shahzad!BJ44+Fahad!BJ44+Asif!BJ44+sumair!BJ44 -> 0 | BM44: =Asghar!BN44+shahzad!BN44+Fahad!BN44+Asif!BN44+sumair!BN44 -> 0 | BN44: =Asghar!BR44+shahzad!BR44+Fahad!BR44+Asif!BR44+sumair!BR44 -> 0 | BO44: =Asghar!BV44+shahzad!BV44+Fahad!BV44+Asif!BV44+sumair!BV44 -> 0 | BP44: =Asghar!BZ44+shahzad!BZ44+Fahad!BZ44+Asif!BZ44+sumair!BZ44 -> 0 | BQ44: =Asghar!CD44+shahzad!CD44+Fahad!CD44+Asif!CD44+sumair!CD44 -> 0 | BR44: =Asghar!CH44+shahzad!CH44+Fahad!CH44+Asif!CH44+sumair!CH44 -> 0 | BS44: =Asghar!CL44+shahzad!CL44+Fahad!CL44+Asif!CL44+sumair!CL44 -> 0 | BT44: =Asghar!CP44+shahzad!CP44+Fahad!CP44+Asif!CP44+sumair!CP44 -> 0 | BU44: =Asghar!CT44+shahzad!CT44+Fahad!CT44+Asif!CT44+sumair!CT44 -> 0 | BV44: =Asghar!CX44+shahzad!CX44+Fahad!CX44+Asif!CX44+sumair!CX44 -> 0 | BW44: =Asghar!DB44+shahzad!DB44+Fahad!DB44+Asif!DB44+sumair!DB44 -> 0 | BX44: =Asghar!DF44+shahzad!DF44+Fahad!DF44+Asif!DF44+sumair!DF44 -> 0 | BY44: =Asghar!DJ44+shahzad!DJ44+Fahad!DJ44+Asif!DJ44+sumair!DJ44 -> 0 | BZ44: =Asghar!DN44+shahzad!DN44+Fahad!DN44+Asif!DN44+sumair!DN44 -> 0 | CA44: =Asghar!DR44+shahzad!DR44+Fahad!DR44+Asif!DR44+sumair!DR44 -> 0 | CB44: =Asghar!DV44+shahzad!DV44+Fahad!DV44+Asif!DV44+sumair!DV44 -> 0 | CC44: =Asghar!DZ44+shahzad!DZ44+Fahad!DZ44+Asif!DZ44+sumair!DZ44 -> 0 | CD44: =SUM(AY44:CC44) -> 0 | CF44: =N44 -> 5.9583333 | CG44: =AW44 -> 0 | CH44: =CG44+CF44 -> 5.9583333 | CI44: =CD44 -> 0 | CJ44: =CH44-CI44 -> 5.9583333
B45: 106616 | C45: Cosmo - Rs. 100 – (6 x 12) – Box | D45: 6 | E45: 12 | F45: 476.67968 | H45: 9 | I45: 4 | L45: =I45/E45 -> 0.33333333 | M45: =I45/E45 -> 0.33333333 | N45: =M45+H45 -> 9.3333333 | O45: =N45*E45 -> 112 | P45: =O45*F45 -> 53388.124 | AW45: =SUM(R45:AV45) -> 0 | AY45: =Asghar!J45+shahzad!J45+Fahad!J45+Asif!J45+sumair!J45 -> 0 | AZ45: =Asghar!N45+shahzad!N45+Fahad!N45+Asif!N45+sumair!N45 -> 0 | BA45: =Asghar!R45+shahzad!R45+Fahad!R45+Asif!R45+sumair!R45 -> 0 | BB45: =Asghar!V45+shahzad!V45+Fahad!V45+Asif!V45+sumair!V45 -> 0 | BC45: =Asghar!Z45+shahzad!Z45+Fahad!Z45+Asif!Z45+sumair!Z45 -> 0 | BD45: =Asghar!AD45+shahzad!AD45+Fahad!AD45+Asif!AD45+sumair!AD45 -> 0 | BE45: =Asghar!AH45+shahzad!AH45+Fahad!AH45+Asif!AH45+sumair!AH45 -> 0 | BF45: =Asghar!AL45+shahzad!AL45+Fahad!AL45+Asif!AL45+sumair!AL45 -> 0 | BG45: =Asghar!AP45+shahzad!AP45+Fahad!AP45+Asif!AP45+sumair!AP45 -> 0 | BH45: =Asghar!AT45+shahzad!AT45+Fahad!AT45+Asif!AT45+sumair!AT45 -> 0 | BI45: =Asghar!AX45+shahzad!AX45+Fahad!AX45+Asif!AX45+sumair!AX45 -> 0 | BJ45: =Asghar!BB45+shahzad!BB45+Fahad!BB45+Asif!BB45+sumair!BB45 -> 0 | BK45: =Asghar!BF45+shahzad!BF45+Fahad!BF45+Asif!BF45+sumair!BF45 -> 0 | BL45: =Asghar!BJ45+shahzad!BJ45+Fahad!BJ45+Asif!BJ45+sumair!BJ45 -> 0 | BM45: =Asghar!BN45+shahzad!BN45+Fahad!BN45+Asif!BN45+sumair!BN45 -> 0 | BN45: =Asghar!BR45+shahzad!BR45+Fahad!BR45+Asif!BR45+sumair!BR45 -> 0 | BO45: =Asghar!BV45+shahzad!BV45+Fahad!BV45+Asif!BV45+sumair!BV45 -> 0 | BP45: =Asghar!BZ45+shahzad!BZ45+Fahad!BZ45+Asif!BZ45+sumair!BZ45 -> 0 | BQ45: =Asghar!CD45+shahzad!CD45+Fahad!CD45+Asif!CD45+sumair!CD45 -> 0 | BR45: =Asghar!CH45+shahzad!CH45+Fahad!CH45+Asif!CH45+sumair!CH45 -> 0 | BS45: =Asghar!CL45+shahzad!CL45+Fahad!CL45+Asif!CL45+sumair!CL45 -> 0 | BT45: =Asghar!CP45+shahzad!CP45+Fahad!CP45+Asif!CP45+sumair!CP45 -> 0 | BU45: =Asghar!CT45+shahzad!CT45+Fahad!CT45+Asif!CT45+sumair!CT45 -> 0 | BV45: =Asghar!CX45+shahzad!CX45+Fahad!CX45+Asif!CX45+sumair!CX45 -> 0 | BW45: =Asghar!DB45+shahzad!DB45+Fahad!DB45+Asif!DB45+sumair!DB45 -> 0 | BX45: =Asghar!DF45+shahzad!DF45+Fahad!DF45+Asif!DF45+sumair!DF45 -> 0 | BY45: =Asghar!DJ45+shahzad!DJ45+Fahad!DJ45+Asif!DJ45+sumair!DJ45 -> 0 | BZ45: =Asghar!DN45+shahzad!DN45+Fahad!DN45+Asif!DN45+sumair!DN45 -> 0 | CA45: =Asghar!DR45+shahzad!DR45+Fahad!DR45+Asif!DR45+sumair!DR45 -> 0 | CB45: =Asghar!DV45+shahzad!DV45+Fahad!DV45+Asif!DV45+sumair!DV45 -> 0 | CC45: =Asghar!DZ45+shahzad!DZ45+Fahad!DZ45+Asif!DZ45+sumair!DZ45 -> 0 | CD45: =SUM(AY45:CC45) -> 0 | CF45: =N45 -> 9.3333333 | CG45: =AW45 -> 0 | CH45: =CG45+CF45 -> 9.3333333 | CI45: =CD45 -> 0 | CJ45: =CH45-CI45 -> 9.3333333
B46: 106617 | C46: Flick - Rs. 100 – (6 x 12) – Box | D46: 6 | E46: 12 | F46: 476.67968 | H46: 2 | L46: =I46/E46 -> 0 | M46: =I46/E46 -> 0 | N46: =M46+H46 -> 2 | O46: =N46*E46 -> 24 | P46: =O46*F46 -> 11440.312 | AW46: =SUM(R46:AV46) -> 0 | AY46: =Asghar!J46+shahzad!J46+Fahad!J46+Asif!J46+sumair!J46 -> 0 | AZ46: =Asghar!N46+shahzad!N46+Fahad!N46+Asif!N46+sumair!N46 -> 0 | BA46: =Asghar!R46+shahzad!R46+Fahad!R46+Asif!R46+sumair!R46 -> 0 | BB46: =Asghar!V46+shahzad!V46+Fahad!V46+Asif!V46+sumair!V46 -> 0 | BC46: =Asghar!Z46+shahzad!Z46+Fahad!Z46+Asif!Z46+sumair!Z46 -> 0 | BD46: =Asghar!AD46+shahzad!AD46+Fahad!AD46+Asif!AD46+sumair!AD46 -> 0 | BE46: =Asghar!AH46+shahzad!AH46+Fahad!AH46+Asif!AH46+sumair!AH46 -> 0 | BF46: =Asghar!AL46+shahzad!AL46+Fahad!AL46+Asif!AL46+sumair!AL46 -> 0 | BG46: =Asghar!AP46+shahzad!AP46+Fahad!AP46+Asif!AP46+sumair!AP46 -> 0 | BH46: =Asghar!AT46+shahzad!AT46+Fahad!AT46+Asif!AT46+sumair!AT46 -> 0 | BI46: =Asghar!AX46+shahzad!AX46+Fahad!AX46+Asif!AX46+sumair!AX46 -> 0 | BJ46: =Asghar!BB46+shahzad!BB46+Fahad!BB46+Asif!BB46+sumair!BB46 -> 0 | BK46: =Asghar!BF46+shahzad!BF46+Fahad!BF46+Asif!BF46+sumair!BF46 -> 0 | BL46: =Asghar!BJ46+shahzad!BJ46+Fahad!BJ46+Asif!BJ46+sumair!BJ46 -> 0 | BM46: =Asghar!BN46+shahzad!BN46+Fahad!BN46+Asif!BN46+sumair!BN46 -> 0 | BN46: =Asghar!BR46+shahzad!BR46+Fahad!BR46+Asif!BR46+sumair!BR46 -> 0 | BO46: =Asghar!BV46+shahzad!BV46+Fahad!BV46+Asif!BV46+sumair!BV46 -> 0 | BP46: =Asghar!BZ46+shahzad!BZ46+Fahad!BZ46+Asif!BZ46+sumair!BZ46 -> 0 | BQ46: =Asghar!CD46+shahzad!CD46+Fahad!CD46+Asif!CD46+sumair!CD46 -> 0 | BR46: =Asghar!CH46+shahzad!CH46+Fahad!CH46+Asif!CH46+sumair!CH46 -> 0 | BS46: =Asghar!CL46+shahzad!CL46+Fahad!CL46+Asif!CL46+sumair!CL46 -> 0 | BT46: =Asghar!CP46+shahzad!CP46+Fahad!CP46+Asif!CP46+sumair!CP46 -> 0 | BU46: =Asghar!CT46+shahzad!CT46+Fahad!CT46+Asif!CT46+sumair!CT46 -> 0 | BV46: =Asghar!CX46+shahzad!CX46+Fahad!CX46+Asif!CX46+sumair!CX46 -> 0 | BW46: =Asghar!DB46+shahzad!DB46+Fahad!DB46+Asif!DB46+sumair!DB46 -> 0 | BX46: =Asghar!DF46+shahzad!DF46+Fahad!DF46+Asif!DF46+sumair!DF46 -> 0 | BY46: =Asghar!DJ46+shahzad!DJ46+Fahad!DJ46+Asif!DJ46+sumair!DJ46 -> 0 | BZ46: =Asghar!DN46+shahzad!DN46+Fahad!DN46+Asif!DN46+sumair!DN46 -> 0 | CA46: =Asghar!DR46+shahzad!DR46+Fahad!DR46+Asif!DR46+sumair!DR46 -> 0 | CB46: =Asghar!DV46+shahzad!DV46+Fahad!DV46+Asif!DV46+sumair!DV46 -> 0 | CC46: =Asghar!DZ46+shahzad!DZ46+Fahad!DZ46+Asif!DZ46+sumair!DZ46 -> 0 | CD46: =SUM(AY46:CC46) -> 0 | CF46: =N46 -> 2 | CG46: =AW46 -> 0 | CH46: =CG46+CF46 -> 2 | CI46: =CD46 -> 0 | CJ46: =CH46-CI46 -> 2
B47: 106618 | C47: Bliss - Rs. 100 – (6 x 12) – Box | D47: 6 | E47: 12 | F47: 476.67968 | H47: 9 | I47: 6 | L47: =I47/E47 -> 0.5 | M47: =I47/E47 -> 0.5 | N47: =M47+H47 -> 9.5 | O47: =N47*E47 -> 114 | P47: =O47*F47 -> 54341.484 | AW47: =SUM(R47:AV47) -> 0 | AY47: =Asghar!J47+shahzad!J47+Fahad!J47+Asif!J47+sumair!J47 -> 0 | AZ47: =Asghar!N47+shahzad!N47+Fahad!N47+Asif!N47+sumair!N47 -> 0 | BA47: =Asghar!R47+shahzad!R47+Fahad!R47+Asif!R47+sumair!R47 -> 0 | BB47: =Asghar!V47+shahzad!V47+Fahad!V47+Asif!V47+sumair!V47 -> 0 | BC47: =Asghar!Z47+shahzad!Z47+Fahad!Z47+Asif!Z47+sumair!Z47 -> 0 | BD47: =Asghar!AD47+shahzad!AD47+Fahad!AD47+Asif!AD47+sumair!AD47 -> 0 | BE47: =Asghar!AH47+shahzad!AH47+Fahad!AH47+Asif!AH47+sumair!AH47 -> 0 | BF47: =Asghar!AL47+shahzad!AL47+Fahad!AL47+Asif!AL47+sumair!AL47 -> 0 | BG47: =Asghar!AP47+shahzad!AP47+Fahad!AP47+Asif!AP47+sumair!AP47 -> 0 | BH47: =Asghar!AT47+shahzad!AT47+Fahad!AT47+Asif!AT47+sumair!AT47 -> 0 | BI47: =Asghar!AX47+shahzad!AX47+Fahad!AX47+Asif!AX47+sumair!AX47 -> 0 | BJ47: =Asghar!BB47+shahzad!BB47+Fahad!BB47+Asif!BB47+sumair!BB47 -> 0 | BK47: =Asghar!BF47+shahzad!BF47+Fahad!BF47+Asif!BF47+sumair!BF47 -> 0 | BL47: =Asghar!BJ47+shahzad!BJ47+Fahad!BJ47+Asif!BJ47+sumair!BJ47 -> 0 | BM47: =Asghar!BN47+shahzad!BN47+Fahad!BN47+Asif!BN47+sumair!BN47 -> 0 | BN47: =Asghar!BR47+shahzad!BR47+Fahad!BR47+Asif!BR47+sumair!BR47 -> 0 | BO47: =Asghar!BV47+shahzad!BV47+Fahad!BV47+Asif!BV47+sumair!BV47 -> 0 | BP47: =Asghar!BZ47+shahzad!BZ47+Fahad!BZ47+Asif!BZ47+sumair!BZ47 -> 0 | BQ47: =Asghar!CD47+shahzad!CD47+Fahad!CD47+Asif!CD47+sumair!CD47 -> 0 | BR47: =Asghar!CH47+shahzad!CH47+Fahad!CH47+Asif!CH47+sumair!CH47 -> 0 | BS47: =Asghar!CL47+shahzad!CL47+Fahad!CL47+Asif!CL47+sumair!CL47 -> 0 | BT47: =Asghar!CP47+shahzad!CP47+Fahad!CP47+Asif!CP47+sumair!CP47 -> 0 | BU47: =Asghar!CT47+shahzad!CT47+Fahad!CT47+Asif!CT47+sumair!CT47 -> 0 | BV47: =Asghar!CX47+shahzad!CX47+Fahad!CX47+Asif!CX47+sumair!CX47 -> 0 | BW47: =Asghar!DB47+shahzad!DB47+Fahad!DB47+Asif!DB47+sumair!DB47 -> 0 | BX47: =Asghar!DF47+shahzad!DF47+Fahad!DF47+Asif!DF47+sumair!DF47 -> 0 | BY47: =Asghar!DJ47+shahzad!DJ47+Fahad!DJ47+Asif!DJ47+sumair!DJ47 -> 0 | BZ47: =Asghar!DN47+shahzad!DN47+Fahad!DN47+Asif!DN47+sumair!DN47 -> 0 | CA47: =Asghar!DR47+shahzad!DR47+Fahad!DR47+Asif!DR47+sumair!DR47 -> 0 | CB47: =Asghar!DV47+shahzad!DV47+Fahad!DV47+Asif!DV47+sumair!DV47 -> 0 | CC47: =Asghar!DZ47+shahzad!DZ47+Fahad!DZ47+Asif!DZ47+sumair!DZ47 -> 0 | CD47: =SUM(AY47:CC47) -> 0 | CF47: =N47 -> 9.5 | CG47: =AW47 -> 0 | CH47: =CG47+CF47 -> 9.5 | CI47: =CD47 -> 0 | CJ47: =CH47-CI47 -> 9.5
B48: 106620 | C48: NOW CHOCOLATE RS 50 12P X 12 BOXES | D48: 12 | E48: 12 | F48: 468.86506 | H48: 19 | L48: =I48/E48 -> 0 | M48: =I48/E48 -> 0 | N48: =M48+H48 -> 19 | O48: =N48*E48 -> 228 | P48: =O48*F48 -> 106901.23 | AW48: =SUM(R48:AV48) -> 0 | AY48: =Asghar!J48+shahzad!J48+Fahad!J48+Asif!J48+sumair!J48 -> 0 | AZ48: =Asghar!N48+shahzad!N48+Fahad!N48+Asif!N48+sumair!N48 -> 0 | BA48: =Asghar!R48+shahzad!R48+Fahad!R48+Asif!R48+sumair!R48 -> 0 | BB48: =Asghar!V48+shahzad!V48+Fahad!V48+Asif!V48+sumair!V48 -> 0 | BC48: =Asghar!Z48+shahzad!Z48+Fahad!Z48+Asif!Z48+sumair!Z48 -> 0 | BD48: =Asghar!AD48+shahzad!AD48+Fahad!AD48+Asif!AD48+sumair!AD48 -> 0 | BE48: =Asghar!AH48+shahzad!AH48+Fahad!AH48+Asif!AH48+sumair!AH48 -> 0 | BF48: =Asghar!AL48+shahzad!AL48+Fahad!AL48+Asif!AL48+sumair!AL48 -> 0 | BG48: =Asghar!AP48+shahzad!AP48+Fahad!AP48+Asif!AP48+sumair!AP48 -> 0 | BH48: =Asghar!AT48+shahzad!AT48+Fahad!AT48+Asif!AT48+sumair!AT48 -> 0 | BI48: =Asghar!AX48+shahzad!AX48+Fahad!AX48+Asif!AX48+sumair!AX48 -> 0 | BJ48: =Asghar!BB48+shahzad!BB48+Fahad!BB48+Asif!BB48+sumair!BB48 -> 0 | BK48: =Asghar!BF48+shahzad!BF48+Fahad!BF48+Asif!BF48+sumair!BF48 -> 0 | BL48: =Asghar!BJ48+shahzad!BJ48+Fahad!BJ48+Asif!BJ48+sumair!BJ48 -> 0 | BM48: =Asghar!BN48+shahzad!BN48+Fahad!BN48+Asif!BN48+sumair!BN48 -> 0 | BN48: =Asghar!BR48+shahzad!BR48+Fahad!BR48+Asif!BR48+sumair!BR48 -> 0 | BO48: =Asghar!BV48+shahzad!BV48+Fahad!BV48+Asif!BV48+sumair!BV48 -> 0 | BP48: =Asghar!BZ48+shahzad!BZ48+Fahad!BZ48+Asif!BZ48+sumair!BZ48 -> 0 | BQ48: =Asghar!CD48+shahzad!CD48+Fahad!CD48+Asif!CD48+sumair!CD48 -> 0 | BR48: =Asghar!CH48+shahzad!CH48+Fahad!CH48+Asif!CH48+sumair!CH48 -> 0 | BS48: =Asghar!CL48+shahzad!CL48+Fahad!CL48+Asif!CL48+sumair!CL48 -> 0 | BT48: =Asghar!CP48+shahzad!CP48+Fahad!CP48+Asif!CP48+sumair!CP48 -> 0 | BU48: =Asghar!CT48+shahzad!CT48+Fahad!CT48+Asif!CT48+sumair!CT48 -> 0 | BV48: =Asghar!CX48+shahzad!CX48+Fahad!CX48+Asif!CX48+sumair!CX48 -> 0 | BW48: =Asghar!DB48+shahzad!DB48+Fahad!DB48+Asif!DB48+sumair!DB48 -> 0 | BX48: =Asghar!DF48+shahzad!DF48+Fahad!DF48+Asif!DF48+sumair!DF48 -> 0 | BY48: =Asghar!DJ48+shahzad!DJ48+Fahad!DJ48+Asif!DJ48+sumair!DJ48 -> 0 | BZ48: =Asghar!DN48+shahzad!DN48+Fahad!DN48+Asif!DN48+sumair!DN48 -> 0 | CA48: =Asghar!DR48+shahzad!DR48+Fahad!DR48+Asif!DR48+sumair!DR48 -> 0 | CB48: =Asghar!DV48+shahzad!DV48+Fahad!DV48+Asif!DV48+sumair!DV48 -> 0 | CC48: =Asghar!DZ48+shahzad!DZ48+Fahad!DZ48+Asif!DZ48+sumair!DZ48 -> 0 | CD48: =SUM(AY48:CC48) -> 0 | CF48: =N48 -> 19 | CG48: =AW48 -> 0 | CH48: =CG48+CF48 -> 19 | CI48: =CD48 -> 0 | CJ48: =CH48-CI48 -> 19
B49: 106622 | C49: PARADISE CHOCOLATE RS 50 12 X 12 BOXES | D49: 12 | E49: 12 | F49: 468.86506 | I49: 1 | L49: =I49/E49 -> 0.083333333 | M49: =I49/E49 -> 0.083333333 | N49: =M49+H49 -> 0.083333333 | O49: =N49*E49 -> 1 | P49: =O49*F49 -> 468.86506 | AW49: =SUM(R49:AV49) -> 0 | AY49: =Asghar!J49+shahzad!J49+Fahad!J49+Asif!J49+sumair!J49 -> 0 | AZ49: =Asghar!N49+shahzad!N49+Fahad!N49+Asif!N49+sumair!N49 -> 0 | BA49: =Asghar!R49+shahzad!R49+Fahad!R49+Asif!R49+sumair!R49 -> 0 | BB49: =Asghar!V49+shahzad!V49+Fahad!V49+Asif!V49+sumair!V49 -> 0 | BC49: =Asghar!Z49+shahzad!Z49+Fahad!Z49+Asif!Z49+sumair!Z49 -> 0 | BD49: =Asghar!AD49+shahzad!AD49+Fahad!AD49+Asif!AD49+sumair!AD49 -> 0 | BE49: =Asghar!AH49+shahzad!AH49+Fahad!AH49+Asif!AH49+sumair!AH49 -> 0 | BF49: =Asghar!AL49+shahzad!AL49+Fahad!AL49+Asif!AL49+sumair!AL49 -> 0 | BG49: =Asghar!AP49+shahzad!AP49+Fahad!AP49+Asif!AP49+sumair!AP49 -> 0 | BH49: =Asghar!AT49+shahzad!AT49+Fahad!AT49+Asif!AT49+sumair!AT49 -> 0 | BI49: =Asghar!AX49+shahzad!AX49+Fahad!AX49+Asif!AX49+sumair!AX49 -> 0 | BJ49: =Asghar!BB49+shahzad!BB49+Fahad!BB49+Asif!BB49+sumair!BB49 -> 0 | BK49: =Asghar!BF49+shahzad!BF49+Fahad!BF49+Asif!BF49+sumair!BF49 -> 0 | BL49: =Asghar!BJ49+shahzad!BJ49+Fahad!BJ49+Asif!BJ49+sumair!BJ49 -> 0 | BM49: =Asghar!BN49+shahzad!BN49+Fahad!BN49+Asif!BN49+sumair!BN49 -> 0 | BN49: =Asghar!BR49+shahzad!BR49+Fahad!BR49+Asif!BR49+sumair!BR49 -> 0 | BO49: =Asghar!BV49+shahzad!BV49+Fahad!BV49+Asif!BV49+sumair!BV49 -> 0 | BP49: =Asghar!BZ49+shahzad!BZ49+Fahad!BZ49+Asif!BZ49+sumair!BZ49 -> 0 | BQ49: =Asghar!CD49+shahzad!CD49+Fahad!CD49+Asif!CD49+sumair!CD49 -> 0 | BR49: =Asghar!CH49+shahzad!CH49+Fahad!CH49+Asif!CH49+sumair!CH49 -> 0 | BS49: =Asghar!CL49+shahzad!CL49+Fahad!CL49+Asif!CL49+sumair!CL49 -> 0 | BT49: =Asghar!CP49+shahzad!CP49+Fahad!CP49+Asif!CP49+sumair!CP49 -> 0 | BU49: =Asghar!CT49+shahzad!CT49+Fahad!CT49+Asif!CT49+sumair!CT49 -> 0 | BV49: =Asghar!CX49+shahzad!CX49+Fahad!CX49+Asif!CX49+sumair!CX49 -> 0 | BW49: =Asghar!DB49+shahzad!DB49+Fahad!DB49+Asif!DB49+sumair!DB49 -> 0 | BX49: =Asghar!DF49+shahzad!DF49+Fahad!DF49+Asif!DF49+sumair!DF49 -> 0 | BY49: =Asghar!DJ49+shahzad!DJ49+Fahad!DJ49+Asif!DJ49+sumair!DJ49 -> 0 | BZ49: =Asghar!DN49+shahzad!DN49+Fahad!DN49+Asif!DN49+sumair!DN49 -> 0 | CA49: =Asghar!DR49+shahzad!DR49+Fahad!DR49+Asif!DR49+sumair!DR49 -> 0 | CB49: =Asghar!DV49+shahzad!DV49+Fahad!DV49+Asif!DV49+sumair!DV49 -> 0 | CC49: =Asghar!DZ49+shahzad!DZ49+Fahad!DZ49+Asif!DZ49+sumair!DZ49 -> 0 | CD49: =SUM(AY49:CC49) -> 0 | CF49: =N49 -> 0.083333333 | CG49: =AW49 -> 0 | CH49: =CG49+CF49 -> 0.083333333 | CI49: =CD49 -> 0 | CJ49: =CH49-CI49 -> 0.083333333
B50: 107013 | C50: FUNNY BUNNY RS 10 25PC X 24 BAGS | D50: 1 | E50: 24 | F50: 197.18624 | H50: 31 | I50: 15 | L50: =I50/E50 -> 0.625 | M50: =I50/E50 -> 0.625 | N50: =M50+H50 -> 31.625 | O50: =N50*E50 -> 759 | P50: =O50*F50 -> 149664.36 | AW50: =SUM(R50:AV50) -> 0 | AY50: =Asghar!J50+shahzad!J50+Fahad!J50+Asif!J50+sumair!J50 -> 0 | AZ50: =Asghar!N50+shahzad!N50+Fahad!N50+Asif!N50+sumair!N50 -> 0 | BA50: =Asghar!R50+shahzad!R50+Fahad!R50+Asif!R50+sumair!R50 -> 0 | BB50: =Asghar!V50+shahzad!V50+Fahad!V50+Asif!V50+sumair!V50 -> 0 | BC50: =Asghar!Z50+shahzad!Z50+Fahad!Z50+Asif!Z50+sumair!Z50 -> 0 | BD50: =Asghar!AD50+shahzad!AD50+Fahad!AD50+Asif!AD50+sumair!AD50 -> 0 | BE50: =Asghar!AH50+shahzad!AH50+Fahad!AH50+Asif!AH50+sumair!AH50 -> 0 | BF50: =Asghar!AL50+shahzad!AL50+Fahad!AL50+Asif!AL50+sumair!AL50 -> 0 | BG50: =Asghar!AP50+shahzad!AP50+Fahad!AP50+Asif!AP50+sumair!AP50 -> 0 | BH50: =Asghar!AT50+shahzad!AT50+Fahad!AT50+Asif!AT50+sumair!AT50 -> 0 | BI50: =Asghar!AX50+shahzad!AX50+Fahad!AX50+Asif!AX50+sumair!AX50 -> 0 | BJ50: =Asghar!BB50+shahzad!BB50+Fahad!BB50+Asif!BB50+sumair!BB50 -> 0 | BK50: =Asghar!BF50+shahzad!BF50+Fahad!BF50+Asif!BF50+sumair!BF50 -> 0 | BL50: =Asghar!BJ50+shahzad!BJ50+Fahad!BJ50+Asif!BJ50+sumair!BJ50 -> 0 | BM50: =Asghar!BN50+shahzad!BN50+Fahad!BN50+Asif!BN50+sumair!BN50 -> 0 | BN50: =Asghar!BR50+shahzad!BR50+Fahad!BR50+Asif!BR50+sumair!BR50 -> 0 | BO50: =Asghar!BV50+shahzad!BV50+Fahad!BV50+Asif!BV50+sumair!BV50 -> 0 | BP50: =Asghar!BZ50+shahzad!BZ50+Fahad!BZ50+Asif!BZ50+sumair!BZ50 -> 0 | BQ50: =Asghar!CD50+shahzad!CD50+Fahad!CD50+Asif!CD50+sumair!CD50 -> 0 | BR50: =Asghar!CH50+shahzad!CH50+Fahad!CH50+Asif!CH50+sumair!CH50 -> 0 | BS50: =Asghar!CL50+shahzad!CL50+Fahad!CL50+Asif!CL50+sumair!CL50 -> 0 | BT50: =Asghar!CP50+shahzad!CP50+Fahad!CP50+Asif!CP50+sumair!CP50 -> 0 | BU50: =Asghar!CT50+shahzad!CT50+Fahad!CT50+Asif!CT50+sumair!CT50 -> 0 | BV50: =Asghar!CX50+shahzad!CX50+Fahad!CX50+Asif!CX50+sumair!CX50 -> 0 | BW50: =Asghar!DB50+shahzad!DB50+Fahad!DB50+Asif!DB50+sumair!DB50 -> 0 | BX50: =Asghar!DF50+shahzad!DF50+Fahad!DF50+Asif!DF50+sumair!DF50 -> 0 | BY50: =Asghar!DJ50+shahzad!DJ50+Fahad!DJ50+Asif!DJ50+sumair!DJ50 -> 0 | BZ50: =Asghar!DN50+shahzad!DN50+Fahad!DN50+Asif!DN50+sumair!DN50 -> 0 | CA50: =Asghar!DR50+shahzad!DR50+Fahad!DR50+Asif!DR50+sumair!DR50 -> 0 | CB50: =Asghar!DV50+shahzad!DV50+Fahad!DV50+Asif!DV50+sumair!DV50 -> 0 | CC50: =Asghar!DZ50+shahzad!DZ50+Fahad!DZ50+Asif!DZ50+sumair!DZ50 -> 0 | CD50: =SUM(AY50:CC50) -> 0 | CF50: =N50 -> 31.625 | CG50: =AW50 -> 0 | CH50: =CG50+CF50 -> 31.625 | CI50: =CD50 -> 0 | CJ50: =CH50-CI50 -> 31.625
B51: 107017 | C51: FUNNY BUNNY RS 10 100 PC/JAR X 12 JARS | D51: 100 | E51: 12 | F51: 801.89063 | H51: 12 | I51: 1 | L51: =I51/E51 -> 0.083333333 | M51: =I51/E51 -> 0.083333333 | N51: =M51+H51 -> 12.083333 | O51: =N51*E51 -> 145 | P51: =O51*F51 -> 116274.14 | AW51: =SUM(R51:AV51) -> 0 | AY51: =Asghar!J51+shahzad!J51+Fahad!J51+Asif!J51+sumair!J51 -> 0 | AZ51: =Asghar!N51+shahzad!N51+Fahad!N51+Asif!N51+sumair!N51 -> 0 | BA51: =Asghar!R51+shahzad!R51+Fahad!R51+Asif!R51+sumair!R51 -> 0 | BB51: =Asghar!V51+shahzad!V51+Fahad!V51+Asif!V51+sumair!V51 -> 0 | BC51: =Asghar!Z51+shahzad!Z51+Fahad!Z51+Asif!Z51+sumair!Z51 -> 0 | BD51: =Asghar!AD51+shahzad!AD51+Fahad!AD51+Asif!AD51+sumair!AD51 -> 0 | BE51: =Asghar!AH51+shahzad!AH51+Fahad!AH51+Asif!AH51+sumair!AH51 -> 0 | BF51: =Asghar!AL51+shahzad!AL51+Fahad!AL51+Asif!AL51+sumair!AL51 -> 0 | BG51: =Asghar!AP51+shahzad!AP51+Fahad!AP51+Asif!AP51+sumair!AP51 -> 0 | BH51: =Asghar!AT51+shahzad!AT51+Fahad!AT51+Asif!AT51+sumair!AT51 -> 0 | BI51: =Asghar!AX51+shahzad!AX51+Fahad!AX51+Asif!AX51+sumair!AX51 -> 0 | BJ51: =Asghar!BB51+shahzad!BB51+Fahad!BB51+Asif!BB51+sumair!BB51 -> 0 | BK51: =Asghar!BF51+shahzad!BF51+Fahad!BF51+Asif!BF51+sumair!BF51 -> 0 | BL51: =Asghar!BJ51+shahzad!BJ51+Fahad!BJ51+Asif!BJ51+sumair!BJ51 -> 0 | BM51: =Asghar!BN51+shahzad!BN51+Fahad!BN51+Asif!BN51+sumair!BN51 -> 0 | BN51: =Asghar!BR51+shahzad!BR51+Fahad!BR51+Asif!BR51+sumair!BR51 -> 0 | BO51: =Asghar!BV51+shahzad!BV51+Fahad!BV51+Asif!BV51+sumair!BV51 -> 0 | BP51: =Asghar!BZ51+shahzad!BZ51+Fahad!BZ51+Asif!BZ51+sumair!BZ51 -> 0 | BQ51: =Asghar!CD51+shahzad!CD51+Fahad!CD51+Asif!CD51+sumair!CD51 -> 0 | BR51: =Asghar!CH51+shahzad!CH51+Fahad!CH51+Asif!CH51+sumair!CH51 -> 0 | BS51: =Asghar!CL51+shahzad!CL51+Fahad!CL51+Asif!CL51+sumair!CL51 -> 0 | BT51: =Asghar!CP51+shahzad!CP51+Fahad!CP51+Asif!CP51+sumair!CP51 -> 0 | BU51: =Asghar!CT51+shahzad!CT51+Fahad!CT51+Asif!CT51+sumair!CT51 -> 0 | BV51: =Asghar!CX51+shahzad!CX51+Fahad!CX51+Asif!CX51+sumair!CX51 -> 0 | BW51: =Asghar!DB51+shahzad!DB51+Fahad!DB51+Asif!DB51+sumair!DB51 -> 0 | BX51: =Asghar!DF51+shahzad!DF51+Fahad!DF51+Asif!DF51+sumair!DF51 -> 0 | BY51: =Asghar!DJ51+shahzad!DJ51+Fahad!DJ51+Asif!DJ51+sumair!DJ51 -> 0 | BZ51: =Asghar!DN51+shahzad!DN51+Fahad!DN51+Asif!DN51+sumair!DN51 -> 0 | CA51: =Asghar!DR51+shahzad!DR51+Fahad!DR51+Asif!DR51+sumair!DR51 -> 0 | CB51: =Asghar!DV51+shahzad!DV51+Fahad!DV51+Asif!DV51+sumair!DV51 -> 0 | CC51: =Asghar!DZ51+shahzad!DZ51+Fahad!DZ51+Asif!DZ51+sumair!DZ51 -> 0 | CD51: =SUM(AY51:CC51) -> 0 | CF51: =N51 -> 12.083333 | CG51: =AW51 -> 0 | CH51: =CG51+CF51 -> 12.083333 | CI51: =CD51 -> 0 | CJ51: =CH51-CI51 -> 12.083333
B52: 107511 | C52: BUTTONS CHOCOLATE RS 30 12 BAGS X 24 BOX | D52: 12 | E52: 24 | F52: 288.68257 | H52: 12 | I52: 2 | L52: =I52/E52 -> 0.083333333 | M52: =I52/E52 -> 0.083333333 | N52: =M52+H52 -> 12.083333 | O52: =N52*E52 -> 290 | P52: =O52*F52 -> 83717.947 | AW52: =SUM(R52:AV52) -> 0 | AY52: =Asghar!J52+shahzad!J52+Fahad!J52+Asif!J52+sumair!J52 -> 0 | AZ52: =Asghar!N52+shahzad!N52+Fahad!N52+Asif!N52+sumair!N52 -> 0 | BA52: =Asghar!R52+shahzad!R52+Fahad!R52+Asif!R52+sumair!R52 -> 0 | BB52: =Asghar!V52+shahzad!V52+Fahad!V52+Asif!V52+sumair!V52 -> 0 | BC52: =Asghar!Z52+shahzad!Z52+Fahad!Z52+Asif!Z52+sumair!Z52 -> 0 | BD52: =Asghar!AD52+shahzad!AD52+Fahad!AD52+Asif!AD52+sumair!AD52 -> 0 | BE52: =Asghar!AH52+shahzad!AH52+Fahad!AH52+Asif!AH52+sumair!AH52 -> 0 | BF52: =Asghar!AL52+shahzad!AL52+Fahad!AL52+Asif!AL52+sumair!AL52 -> 0 | BG52: =Asghar!AP52+shahzad!AP52+Fahad!AP52+Asif!AP52+sumair!AP52 -> 0 | BH52: =Asghar!AT52+shahzad!AT52+Fahad!AT52+Asif!AT52+sumair!AT52 -> 0 | BI52: =Asghar!AX52+shahzad!AX52+Fahad!AX52+Asif!AX52+sumair!AX52 -> 0 | BJ52: =Asghar!BB52+shahzad!BB52+Fahad!BB52+Asif!BB52+sumair!BB52 -> 0 | BK52: =Asghar!BF52+shahzad!BF52+Fahad!BF52+Asif!BF52+sumair!BF52 -> 0 | BL52: =Asghar!BJ52+shahzad!BJ52+Fahad!BJ52+Asif!BJ52+sumair!BJ52 -> 0 | BM52: =Asghar!BN52+shahzad!BN52+Fahad!BN52+Asif!BN52+sumair!BN52 -> 0 | BN52: =Asghar!BR52+shahzad!BR52+Fahad!BR52+Asif!BR52+sumair!BR52 -> 0 | BO52: =Asghar!BV52+shahzad!BV52+Fahad!BV52+Asif!BV52+sumair!BV52 -> 0 | BP52: =Asghar!BZ52+shahzad!BZ52+Fahad!BZ52+Asif!BZ52+sumair!BZ52 -> 0 | BQ52: =Asghar!CD52+shahzad!CD52+Fahad!CD52+Asif!CD52+sumair!CD52 -> 0 | BR52: =Asghar!CH52+shahzad!CH52+Fahad!CH52+Asif!CH52+sumair!CH52 -> 0 | BS52: =Asghar!CL52+shahzad!CL52+Fahad!CL52+Asif!CL52+sumair!CL52 -> 0 | BT52: =Asghar!CP52+shahzad!CP52+Fahad!CP52+Asif!CP52+sumair!CP52 -> 0 | BU52: =Asghar!CT52+shahzad!CT52+Fahad!CT52+Asif!CT52+sumair!CT52 -> 0 | BV52: =Asghar!CX52+shahzad!CX52+Fahad!CX52+Asif!CX52+sumair!CX52 -> 0 | BW52: =Asghar!DB52+shahzad!DB52+Fahad!DB52+Asif!DB52+sumair!DB52 -> 0 | BX52: =Asghar!DF52+shahzad!DF52+Fahad!DF52+Asif!DF52+sumair!DF52 -> 0 | BY52: =Asghar!DJ52+shahzad!DJ52+Fahad!DJ52+Asif!DJ52+sumair!DJ52 -> 0 | BZ52: =Asghar!DN52+shahzad!DN52+Fahad!DN52+Asif!DN52+sumair!DN52 -> 0 | CA52: =Asghar!DR52+shahzad!DR52+Fahad!DR52+Asif!DR52+sumair!DR52 -> 0 | CB52: =Asghar!DV52+shahzad!DV52+Fahad!DV52+Asif!DV52+sumair!DV52 -> 0 | CC52: =Asghar!DZ52+shahzad!DZ52+Fahad!DZ52+Asif!DZ52+sumair!DZ52 -> 0 | CD52: =SUM(AY52:CC52) -> 0 | CF52: =N52 -> 12.083333 | CG52: =AW52 -> 0 | CH52: =CG52+CF52 -> 12.083333 | CI52: =CD52 -> 0 | CJ52: =CH52-CI52 -> 12.083333
B53: 109014 | C53: Puff - Rainbow - Rs. 50 - (1X60) - Bag | D53: 1 | E53: 60 | F53: 40.54008 | H53: 15 | I53: 35 | L53: =I53/E53 -> 0.58333333 | M53: =I53/E53 -> 0.58333333 | N53: =M53+H53 -> 15.583333 | O53: =N53*E53 -> 935 | P53: =O53*F53 -> 37904.975 | AW53: =SUM(R53:AV53) -> 0 | AY53: =Asghar!J53+shahzad!J53+Fahad!J53+Asif!J53+sumair!J53 -> 0 | AZ53: =Asghar!N53+shahzad!N53+Fahad!N53+Asif!N53+sumair!N53 -> 0 | BA53: =Asghar!R53+shahzad!R53+Fahad!R53+Asif!R53+sumair!R53 -> 0 | BB53: =Asghar!V53+shahzad!V53+Fahad!V53+Asif!V53+sumair!V53 -> 0 | BC53: =Asghar!Z53+shahzad!Z53+Fahad!Z53+Asif!Z53+sumair!Z53 -> 0 | BD53: =Asghar!AD53+shahzad!AD53+Fahad!AD53+Asif!AD53+sumair!AD53 -> 0 | BE53: =Asghar!AH53+shahzad!AH53+Fahad!AH53+Asif!AH53+sumair!AH53 -> 0 | BF53: =Asghar!AL53+shahzad!AL53+Fahad!AL53+Asif!AL53+sumair!AL53 -> 0 | BG53: =Asghar!AP53+shahzad!AP53+Fahad!AP53+Asif!AP53+sumair!AP53 -> 0 | BH53: =Asghar!AT53+shahzad!AT53+Fahad!AT53+Asif!AT53+sumair!AT53 -> 0 | BI53: =Asghar!AX53+shahzad!AX53+Fahad!AX53+Asif!AX53+sumair!AX53 -> 0 | BJ53: =Asghar!BB53+shahzad!BB53+Fahad!BB53+Asif!BB53+sumair!BB53 -> 0 | BK53: =Asghar!BF53+shahzad!BF53+Fahad!BF53+Asif!BF53+sumair!BF53 -> 0 | BL53: =Asghar!BJ53+shahzad!BJ53+Fahad!BJ53+Asif!BJ53+sumair!BJ53 -> 0 | BM53: =Asghar!BN53+shahzad!BN53+Fahad!BN53+Asif!BN53+sumair!BN53 -> 0 | BN53: =Asghar!BR53+shahzad!BR53+Fahad!BR53+Asif!BR53+sumair!BR53 -> 0 | BO53: =Asghar!BV53+shahzad!BV53+Fahad!BV53+Asif!BV53+sumair!BV53 -> 0 | BP53: =Asghar!BZ53+shahzad!BZ53+Fahad!BZ53+Asif!BZ53+sumair!BZ53 -> 0 | BQ53: =Asghar!CD53+shahzad!CD53+Fahad!CD53+Asif!CD53+sumair!CD53 -> 0 | BR53: =Asghar!CH53+shahzad!CH53+Fahad!CH53+Asif!CH53+sumair!CH53 -> 0 | BS53: =Asghar!CL53+shahzad!CL53+Fahad!CL53+Asif!CL53+sumair!CL53 -> 0 | BT53: =Asghar!CP53+shahzad!CP53+Fahad!CP53+Asif!CP53+sumair!CP53 -> 0 | BU53: =Asghar!CT53+shahzad!CT53+Fahad!CT53+Asif!CT53+sumair!CT53 -> 0 | BV53: =Asghar!CX53+shahzad!CX53+Fahad!CX53+Asif!CX53+sumair!CX53 -> 0 | BW53: =Asghar!DB53+shahzad!DB53+Fahad!DB53+Asif!DB53+sumair!DB53 -> 0 | BX53: =Asghar!DF53+shahzad!DF53+Fahad!DF53+Asif!DF53+sumair!DF53 -> 0 | BY53: =Asghar!DJ53+shahzad!DJ53+Fahad!DJ53+Asif!DJ53+sumair!DJ53 -> 0 | BZ53: =Asghar!DN53+shahzad!DN53+Fahad!DN53+Asif!DN53+sumair!DN53 -> 0 | CA53: =Asghar!DR53+shahzad!DR53+Fahad!DR53+Asif!DR53+sumair!DR53 -> 0 | CB53: =Asghar!DV53+shahzad!DV53+Fahad!DV53+Asif!DV53+sumair!DV53 -> 0 | CC53: =Asghar!DZ53+shahzad!DZ53+Fahad!DZ53+Asif!DZ53+sumair!DZ53 -> 0 | CD53: =SUM(AY53:CC53) -> 0 | CF53: =N53 -> 15.583333 | CG53: =AW53 -> 0 | CH53: =CG53+CF53 -> 15.583333 | CI53: =CD53 -> 0 | CJ53: =CH53-CI53 -> 15.583333
B54: 109015 | C54: Puff - Party - Rs. 50 - (1X60) - Bag | D54: 1 | E54: 60 | F54: 40.54008 | H54: 10 | L54: =I54/E54 -> 0 | M54: =I54/E54 -> 0 | N54: =M54+H54 -> 10 | O54: =N54*E54 -> 600 | P54: =O54*F54 -> 24324.048 | AW54: =SUM(R54:AV54) -> 0 | AY54: =Asghar!J54+shahzad!J54+Fahad!J54+Asif!J54+sumair!J54 -> 0 | AZ54: =Asghar!N54+shahzad!N54+Fahad!N54+Asif!N54+sumair!N54 -> 0 | BA54: =Asghar!R54+shahzad!R54+Fahad!R54+Asif!R54+sumair!R54 -> 0 | BB54: =Asghar!V54+shahzad!V54+Fahad!V54+Asif!V54+sumair!V54 -> 0 | BC54: =Asghar!Z54+shahzad!Z54+Fahad!Z54+Asif!Z54+sumair!Z54 -> 0 | BD54: =Asghar!AD54+shahzad!AD54+Fahad!AD54+Asif!AD54+sumair!AD54 -> 0 | BE54: =Asghar!AH54+shahzad!AH54+Fahad!AH54+Asif!AH54+sumair!AH54 -> 0 | BF54: =Asghar!AL54+shahzad!AL54+Fahad!AL54+Asif!AL54+sumair!AL54 -> 0 | BG54: =Asghar!AP54+shahzad!AP54+Fahad!AP54+Asif!AP54+sumair!AP54 -> 0 | BH54: =Asghar!AT54+shahzad!AT54+Fahad!AT54+Asif!AT54+sumair!AT54 -> 0 | BI54: =Asghar!AX54+shahzad!AX54+Fahad!AX54+Asif!AX54+sumair!AX54 -> 0 | BJ54: =Asghar!BB54+shahzad!BB54+Fahad!BB54+Asif!BB54+sumair!BB54 -> 0 | BK54: =Asghar!BF54+shahzad!BF54+Fahad!BF54+Asif!BF54+sumair!BF54 -> 0 | BL54: =Asghar!BJ54+shahzad!BJ54+Fahad!BJ54+Asif!BJ54+sumair!BJ54 -> 0 | BM54: =Asghar!BN54+shahzad!BN54+Fahad!BN54+Asif!BN54+sumair!BN54 -> 0 | BN54: =Asghar!BR54+shahzad!BR54+Fahad!BR54+Asif!BR54+sumair!BR54 -> 0 | BO54: =Asghar!BV54+shahzad!BV54+Fahad!BV54+Asif!BV54+sumair!BV54 -> 0 | BP54: =Asghar!BZ54+shahzad!BZ54+Fahad!BZ54+Asif!BZ54+sumair!BZ54 -> 0 | BQ54: =Asghar!CD54+shahzad!CD54+Fahad!CD54+Asif!CD54+sumair!CD54 -> 0 | BR54: =Asghar!CH54+shahzad!CH54+Fahad!CH54+Asif!CH54+sumair!CH54 -> 0 | BS54: =Asghar!CL54+shahzad!CL54+Fahad!CL54+Asif!CL54+sumair!CL54 -> 0 | BT54: =Asghar!CP54+shahzad!CP54+Fahad!CP54+Asif!CP54+sumair!CP54 -> 0 | BU54: =Asghar!CT54+shahzad!CT54+Fahad!CT54+Asif!CT54+sumair!CT54 -> 0 | BV54: =Asghar!CX54+shahzad!CX54+Fahad!CX54+Asif!CX54+sumair!CX54 -> 0 | BW54: =Asghar!DB54+shahzad!DB54+Fahad!DB54+Asif!DB54+sumair!DB54 -> 0 | BX54: =Asghar!DF54+shahzad!DF54+Fahad!DF54+Asif!DF54+sumair!DF54 -> 0 | BY54: =Asghar!DJ54+shahzad!DJ54+Fahad!DJ54+Asif!DJ54+sumair!DJ54 -> 0 | BZ54: =Asghar!DN54+shahzad!DN54+Fahad!DN54+Asif!DN54+sumair!DN54 -> 0 | CA54: =Asghar!DR54+shahzad!DR54+Fahad!DR54+Asif!DR54+sumair!DR54 -> 0 | CB54: =Asghar!DV54+shahzad!DV54+Fahad!DV54+Asif!DV54+sumair!DV54 -> 0 | CC54: =Asghar!DZ54+shahzad!DZ54+Fahad!DZ54+Asif!DZ54+sumair!DZ54 -> 0 | CD54: =SUM(AY54:CC54) -> 0 | CF54: =N54 -> 10 | CG54: =AW54 -> 0 | CH54: =CG54+CF54 -> 10 | CI54: =CD54 -> 0 | CJ54: =CH54-CI54 -> 10
B55: 109025 | C55: JUNIOR PUFF PARTY 18PCS X 18 BOXES | D55: 18 | E55: 18 | F55: 140.22133 | I55: 10 | L55: =I55/E55 -> 0.55555556 | M55: =I55/E55 -> 0.55555556 | N55: =M55+H55 -> 0.55555556 | O55: =N55*E55 -> 10 | P55: =O55*F55 -> 1402.2133 | AW55: =SUM(R55:AV55) -> 0 | AY55: =Asghar!J55+shahzad!J55+Fahad!J55+Asif!J55+sumair!J55 -> 0 | AZ55: =Asghar!N55+shahzad!N55+Fahad!N55+Asif!N55+sumair!N55 -> 0 | BA55: =Asghar!R55+shahzad!R55+Fahad!R55+Asif!R55+sumair!R55 -> 0 | BB55: =Asghar!V55+shahzad!V55+Fahad!V55+Asif!V55+sumair!V55 -> 0 | BC55: =Asghar!Z55+shahzad!Z55+Fahad!Z55+Asif!Z55+sumair!Z55 -> 0 | BD55: =Asghar!AD55+shahzad!AD55+Fahad!AD55+Asif!AD55+sumair!AD55 -> 0 | BE55: =Asghar!AH55+shahzad!AH55+Fahad!AH55+Asif!AH55+sumair!AH55 -> 0 | BF55: =Asghar!AL55+shahzad!AL55+Fahad!AL55+Asif!AL55+sumair!AL55 -> 0 | BG55: =Asghar!AP55+shahzad!AP55+Fahad!AP55+Asif!AP55+sumair!AP55 -> 0 | BH55: =Asghar!AT55+shahzad!AT55+Fahad!AT55+Asif!AT55+sumair!AT55 -> 0 | BI55: =Asghar!AX55+shahzad!AX55+Fahad!AX55+Asif!AX55+sumair!AX55 -> 0 | BJ55: =Asghar!BB55+shahzad!BB55+Fahad!BB55+Asif!BB55+sumair!BB55 -> 0 | BK55: =Asghar!BF55+shahzad!BF55+Fahad!BF55+Asif!BF55+sumair!BF55 -> 0 | BL55: =Asghar!BJ55+shahzad!BJ55+Fahad!BJ55+Asif!BJ55+sumair!BJ55 -> 0 | BM55: =Asghar!BN55+shahzad!BN55+Fahad!BN55+Asif!BN55+sumair!BN55 -> 0 | BN55: =Asghar!BR55+shahzad!BR55+Fahad!BR55+Asif!BR55+sumair!BR55 -> 0 | BO55: =Asghar!BV55+shahzad!BV55+Fahad!BV55+Asif!BV55+sumair!BV55 -> 0 | BP55: =Asghar!BZ55+shahzad!BZ55+Fahad!BZ55+Asif!BZ55+sumair!BZ55 -> 0 | BQ55: =Asghar!CD55+shahzad!CD55+Fahad!CD55+Asif!CD55+sumair!CD55 -> 0 | BR55: =Asghar!CH55+shahzad!CH55+Fahad!CH55+Asif!CH55+sumair!CH55 -> 0 | BS55: =Asghar!CL55+shahzad!CL55+Fahad!CL55+Asif!CL55+sumair!CL55 -> 0 | BT55: =Asghar!CP55+shahzad!CP55+Fahad!CP55+Asif!CP55+sumair!CP55 -> 0 | BU55: =Asghar!CT55+shahzad!CT55+Fahad!CT55+Asif!CT55+sumair!CT55 -> 0 | BV55: =Asghar!CX55+shahzad!CX55+Fahad!CX55+Asif!CX55+sumair!CX55 -> 0 | BW55: =Asghar!DB55+shahzad!DB55+Fahad!DB55+Asif!DB55+sumair!DB55 -> 0 | BX55: =Asghar!DF55+shahzad!DF55+Fahad!DF55+Asif!DF55+sumair!DF55 -> 0 | BY55: =Asghar!DJ55+shahzad!DJ55+Fahad!DJ55+Asif!DJ55+sumair!DJ55 -> 0 | BZ55: =Asghar!DN55+shahzad!DN55+Fahad!DN55+Asif!DN55+sumair!DN55 -> 0 | CA55: =Asghar!DR55+shahzad!DR55+Fahad!DR55+Asif!DR55+sumair!DR55 -> 0 | CB55: =Asghar!DV55+shahzad!DV55+Fahad!DV55+Asif!DV55+sumair!DV55 -> 0 | CC55: =Asghar!DZ55+shahzad!DZ55+Fahad!DZ55+Asif!DZ55+sumair!DZ55 -> 0 | CD55: =SUM(AY55:CC55) -> 0 | CF55: =N55 -> 0.55555556 | CG55: =AW55 -> 0 | CH55: =CG55+CF55 -> 0.55555556 | CI55: =CD55 -> 0 | CJ55: =CH55-CI55 -> 0.55555556
B56: 109026 | C56: JUNIOR PUFF RAINBOW 18PCS X 18 BOXES | D56: 18 | E56: 18 | F56: 140.22133 | H56: 23 | I56: 3 | L56: =I56/E56 -> 0.16666667 | M56: =I56/E56 -> 0.16666667 | N56: =M56+H56 -> 23.166667 | O56: =N56*E56 -> 417 | P56: =O56*F56 -> 58472.293 | AW56: =SUM(R56:AV56) -> 0 | AY56: =Asghar!J56+shahzad!J56+Fahad!J56+Asif!J56+sumair!J56 -> 0 | AZ56: =Asghar!N56+shahzad!N56+Fahad!N56+Asif!N56+sumair!N56 -> 0 | BA56: =Asghar!R56+shahzad!R56+Fahad!R56+Asif!R56+sumair!R56 -> 0 | BB56: =Asghar!V56+shahzad!V56+Fahad!V56+Asif!V56+sumair!V56 -> 0 | BC56: =Asghar!Z56+shahzad!Z56+Fahad!Z56+Asif!Z56+sumair!Z56 -> 0 | BD56: =Asghar!AD56+shahzad!AD56+Fahad!AD56+Asif!AD56+sumair!AD56 -> 0 | BE56: =Asghar!AH56+shahzad!AH56+Fahad!AH56+Asif!AH56+sumair!AH56 -> 0 | BF56: =Asghar!AL56+shahzad!AL56+Fahad!AL56+Asif!AL56+sumair!AL56 -> 0 | BG56: =Asghar!AP56+shahzad!AP56+Fahad!AP56+Asif!AP56+sumair!AP56 -> 0 | BH56: =Asghar!AT56+shahzad!AT56+Fahad!AT56+Asif!AT56+sumair!AT56 -> 0 | BI56: =Asghar!AX56+shahzad!AX56+Fahad!AX56+Asif!AX56+sumair!AX56 -> 0 | BJ56: =Asghar!BB56+shahzad!BB56+Fahad!BB56+Asif!BB56+sumair!BB56 -> 0 | BK56: =Asghar!BF56+shahzad!BF56+Fahad!BF56+Asif!BF56+sumair!BF56 -> 0 | BL56: =Asghar!BJ56+shahzad!BJ56+Fahad!BJ56+Asif!BJ56+sumair!BJ56 -> 0 | BM56: =Asghar!BN56+shahzad!BN56+Fahad!BN56+Asif!BN56+sumair!BN56 -> 0 | BN56: =Asghar!BR56+shahzad!BR56+Fahad!BR56+Asif!BR56+sumair!BR56 -> 0 | BO56: =Asghar!BV56+shahzad!BV56+Fahad!BV56+Asif!BV56+sumair!BV56 -> 0 | BP56: =Asghar!BZ56+shahzad!BZ56+Fahad!BZ56+Asif!BZ56+sumair!BZ56 -> 0 | BQ56: =Asghar!CD56+shahzad!CD56+Fahad!CD56+Asif!CD56+sumair!CD56 -> 0 | BR56: =Asghar!CH56+shahzad!CH56+Fahad!CH56+Asif!CH56+sumair!CH56 -> 0 | BS56: =Asghar!CL56+shahzad!CL56+Fahad!CL56+Asif!CL56+sumair!CL56 -> 0 | BT56: =Asghar!CP56+shahzad!CP56+Fahad!CP56+Asif!CP56+sumair!CP56 -> 0 | BU56: =Asghar!CT56+shahzad!CT56+Fahad!CT56+Asif!CT56+sumair!CT56 -> 0 | BV56: =Asghar!CX56+shahzad!CX56+Fahad!CX56+Asif!CX56+sumair!CX56 -> 0 | BW56: =Asghar!DB56+shahzad!DB56+Fahad!DB56+Asif!DB56+sumair!DB56 -> 0 | BX56: =Asghar!DF56+shahzad!DF56+Fahad!DF56+Asif!DF56+sumair!DF56 -> 0 | BY56: =Asghar!DJ56+shahzad!DJ56+Fahad!DJ56+Asif!DJ56+sumair!DJ56 -> 0 | BZ56: =Asghar!DN56+shahzad!DN56+Fahad!DN56+Asif!DN56+sumair!DN56 -> 0 | CA56: =Asghar!DR56+shahzad!DR56+Fahad!DR56+Asif!DR56+sumair!DR56 -> 0 | CB56: =Asghar!DV56+shahzad!DV56+Fahad!DV56+Asif!DV56+sumair!DV56 -> 0 | CC56: =Asghar!DZ56+shahzad!DZ56+Fahad!DZ56+Asif!DZ56+sumair!DZ56 -> 0 | CD56: =SUM(AY56:CC56) -> 0 | CF56: =N56 -> 23.166667 | CG56: =AW56 -> 0 | CH56: =CG56+CF56 -> 23.166667 | CI56: =CD56 -> 0 | CJ56: =CH56-CI56 -> 23.166667
B57: 109207 | C57: Super Twister - Rs. 10 - (24X18) - Box | D57: 24 | E57: 18 | F57: 194.23587 | H57: 20 | I57: 8 | L57: =I57/E57 -> 0.44444444 | M57: =I57/E57 -> 0.44444444 | N57: =M57+H57 -> 20.444444 | O57: =N57*E57 -> 368 | P57: =O57*F57 -> 71478.799 | AW57: =SUM(R57:AV57) -> 0 | AY57: =Asghar!J57+shahzad!J57+Fahad!J57+Asif!J57+sumair!J57 -> 0 | AZ57: =Asghar!N57+shahzad!N57+Fahad!N57+Asif!N57+sumair!N57 -> 0 | BA57: =Asghar!R57+shahzad!R57+Fahad!R57+Asif!R57+sumair!R57 -> 0 | BB57: =Asghar!V57+shahzad!V57+Fahad!V57+Asif!V57+sumair!V57 -> 0 | BC57: =Asghar!Z57+shahzad!Z57+Fahad!Z57+Asif!Z57+sumair!Z57 -> 0 | BD57: =Asghar!AD57+shahzad!AD57+Fahad!AD57+Asif!AD57+sumair!AD57 -> 0 | BE57: =Asghar!AH57+shahzad!AH57+Fahad!AH57+Asif!AH57+sumair!AH57 -> 0 | BF57: =Asghar!AL57+shahzad!AL57+Fahad!AL57+Asif!AL57+sumair!AL57 -> 0 | BG57: =Asghar!AP57+shahzad!AP57+Fahad!AP57+Asif!AP57+sumair!AP57 -> 0 | BH57: =Asghar!AT57+shahzad!AT57+Fahad!AT57+Asif!AT57+sumair!AT57 -> 0 | BI57: =Asghar!AX57+shahzad!AX57+Fahad!AX57+Asif!AX57+sumair!AX57 -> 0 | BJ57: =Asghar!BB57+shahzad!BB57+Fahad!BB57+Asif!BB57+sumair!BB57 -> 0 | BK57: =Asghar!BF57+shahzad!BF57+Fahad!BF57+Asif!BF57+sumair!BF57 -> 0 | BL57: =Asghar!BJ57+shahzad!BJ57+Fahad!BJ57+Asif!BJ57+sumair!BJ57 -> 0 | BM57: =Asghar!BN57+shahzad!BN57+Fahad!BN57+Asif!BN57+sumair!BN57 -> 0 | BN57: =Asghar!BR57+shahzad!BR57+Fahad!BR57+Asif!BR57+sumair!BR57 -> 0 | BO57: =Asghar!BV57+shahzad!BV57+Fahad!BV57+Asif!BV57+sumair!BV57 -> 0 | BP57: =Asghar!BZ57+shahzad!BZ57+Fahad!BZ57+Asif!BZ57+sumair!BZ57 -> 0 | BQ57: =Asghar!CD57+shahzad!CD57+Fahad!CD57+Asif!CD57+sumair!CD57 -> 0 | BR57: =Asghar!CH57+shahzad!CH57+Fahad!CH57+Asif!CH57+sumair!CH57 -> 0 | BS57: =Asghar!CL57+shahzad!CL57+Fahad!CL57+Asif!CL57+sumair!CL57 -> 0 | BT57: =Asghar!CP57+shahzad!CP57+Fahad!CP57+Asif!CP57+sumair!CP57 -> 0 | BU57: =Asghar!CT57+shahzad!CT57+Fahad!CT57+Asif!CT57+sumair!CT57 -> 0 | BV57: =Asghar!CX57+shahzad!CX57+Fahad!CX57+Asif!CX57+sumair!CX57 -> 0 | BW57: =Asghar!DB57+shahzad!DB57+Fahad!DB57+Asif!DB57+sumair!DB57 -> 0 | BX57: =Asghar!DF57+shahzad!DF57+Fahad!DF57+Asif!DF57+sumair!DF57 -> 0 | BY57: =Asghar!DJ57+shahzad!DJ57+Fahad!DJ57+Asif!DJ57+sumair!DJ57 -> 0 | BZ57: =Asghar!DN57+shahzad!DN57+Fahad!DN57+Asif!DN57+sumair!DN57 -> 0 | CA57: =Asghar!DR57+shahzad!DR57+Fahad!DR57+Asif!DR57+sumair!DR57 -> 0 | CB57: =Asghar!DV57+shahzad!DV57+Fahad!DV57+Asif!DV57+sumair!DV57 -> 0 | CC57: =Asghar!DZ57+shahzad!DZ57+Fahad!DZ57+Asif!DZ57+sumair!DZ57 -> 0 | CD57: =SUM(AY57:CC57) -> 0 | CF57: =N57 -> 20.444444 | CG57: =AW57 -> 0 | CH57: =CG57+CF57 -> 20.444444 | CI57: =CD57 -> 0 | CJ57: =CH57-CI57 -> 20.444444
B58: 109503 | C58: MELLO BAR STRAWBERRY 24PCS X 18 BOXES | D58: 24 | E58: 18 | F58: 189.29879 | H58: 2 | I58: 1 | L58: =I58/E58 -> 0.055555556 | M58: =I58/E58 -> 0.055555556 | N58: =M58+H58 -> 2.0555556 | O58: =N58*E58 -> 37 | P58: =O58*F58 -> 7004.0553 | AW58: =SUM(R58:AV58) -> 0 | AY58: =Asghar!J58+shahzad!J58+Fahad!J58+Asif!J58+sumair!J58 -> 0 | AZ58: =Asghar!N58+shahzad!N58+Fahad!N58+Asif!N58+sumair!N58 -> 0 | BA58: =Asghar!R58+shahzad!R58+Fahad!R58+Asif!R58+sumair!R58 -> 0 | BB58: =Asghar!V58+shahzad!V58+Fahad!V58+Asif!V58+sumair!V58 -> 0 | BC58: =Asghar!Z58+shahzad!Z58+Fahad!Z58+Asif!Z58+sumair!Z58 -> 0 | BD58: =Asghar!AD58+shahzad!AD58+Fahad!AD58+Asif!AD58+sumair!AD58 -> 0 | BE58: =Asghar!AH58+shahzad!AH58+Fahad!AH58+Asif!AH58+sumair!AH58 -> 0 | BF58: =Asghar!AL58+shahzad!AL58+Fahad!AL58+Asif!AL58+sumair!AL58 -> 0 | BG58: =Asghar!AP58+shahzad!AP58+Fahad!AP58+Asif!AP58+sumair!AP58 -> 0 | BH58: =Asghar!AT58+shahzad!AT58+Fahad!AT58+Asif!AT58+sumair!AT58 -> 0 | BI58: =Asghar!AX58+shahzad!AX58+Fahad!AX58+Asif!AX58+sumair!AX58 -> 0 | BJ58: =Asghar!BB58+shahzad!BB58+Fahad!BB58+Asif!BB58+sumair!BB58 -> 0 | BK58: =Asghar!BF58+shahzad!BF58+Fahad!BF58+Asif!BF58+sumair!BF58 -> 0 | BL58: =Asghar!BJ58+shahzad!BJ58+Fahad!BJ58+Asif!BJ58+sumair!BJ58 -> 0 | BM58: =Asghar!BN58+shahzad!BN58+Fahad!BN58+Asif!BN58+sumair!BN58 -> 0 | BN58: =Asghar!BR58+shahzad!BR58+Fahad!BR58+Asif!BR58+sumair!BR58 -> 0 | BO58: =Asghar!BV58+shahzad!BV58+Fahad!BV58+Asif!BV58+sumair!BV58 -> 0 | BP58: =Asghar!BZ58+shahzad!BZ58+Fahad!BZ58+Asif!BZ58+sumair!BZ58 -> 0 | BQ58: =Asghar!CD58+shahzad!CD58+Fahad!CD58+Asif!CD58+sumair!CD58 -> 0 | BR58: =Asghar!CH58+shahzad!CH58+Fahad!CH58+Asif!CH58+sumair!CH58 -> 0 | BS58: =Asghar!CL58+shahzad!CL58+Fahad!CL58+Asif!CL58+sumair!CL58 -> 0 | BT58: =Asghar!CP58+shahzad!CP58+Fahad!CP58+Asif!CP58+sumair!CP58 -> 0 | BU58: =Asghar!CT58+shahzad!CT58+Fahad!CT58+Asif!CT58+sumair!CT58 -> 0 | BV58: =Asghar!CX58+shahzad!CX58+Fahad!CX58+Asif!CX58+sumair!CX58 -> 0 | BW58: =Asghar!DB58+shahzad!DB58+Fahad!DB58+Asif!DB58+sumair!DB58 -> 0 | BX58: =Asghar!DF58+shahzad!DF58+Fahad!DF58+Asif!DF58+sumair!DF58 -> 0 | BY58: =Asghar!DJ58+shahzad!DJ58+Fahad!DJ58+Asif!DJ58+sumair!DJ58 -> 0 | BZ58: =Asghar!DN58+shahzad!DN58+Fahad!DN58+Asif!DN58+sumair!DN58 -> 0 | CA58: =Asghar!DR58+shahzad!DR58+Fahad!DR58+Asif!DR58+sumair!DR58 -> 0 | CB58: =Asghar!DV58+shahzad!DV58+Fahad!DV58+Asif!DV58+sumair!DV58 -> 0 | CC58: =Asghar!DZ58+shahzad!DZ58+Fahad!DZ58+Asif!DZ58+sumair!DZ58 -> 0 | CD58: =SUM(AY58:CC58) -> 0 | CF58: =N58 -> 2.0555556 | CG58: =AW58 -> 0 | CH58: =CG58+CF58 -> 2.0555556 | CI58: =CD58 -> 0 | CJ58: =CH58-CI58 -> 2.0555556
B59: 109504 | C59: MELLO BAR VANILLA 24PCS X 18 BOXES | D59: 24 | E59: 18 | F59: 189.29879 | H59: 7 | L59: =I59/E59 -> 0 | M59: =I59/E59 -> 0 | N59: =M59+H59 -> 7 | O59: =N59*E59 -> 126 | P59: =O59*F59 -> 23851.648 | AW59: =SUM(R59:AV59) -> 0 | AY59: =Asghar!J59+shahzad!J59+Fahad!J59+Asif!J59+sumair!J59 -> 0 | AZ59: =Asghar!N59+shahzad!N59+Fahad!N59+Asif!N59+sumair!N59 -> 0 | BA59: =Asghar!R59+shahzad!R59+Fahad!R59+Asif!R59+sumair!R59 -> 0 | BB59: =Asghar!V59+shahzad!V59+Fahad!V59+Asif!V59+sumair!V59 -> 0 | BC59: =Asghar!Z59+shahzad!Z59+Fahad!Z59+Asif!Z59+sumair!Z59 -> 0 | BD59: =Asghar!AD59+shahzad!AD59+Fahad!AD59+Asif!AD59+sumair!AD59 -> 0 | BE59: =Asghar!AH59+shahzad!AH59+Fahad!AH59+Asif!AH59+sumair!AH59 -> 0 | BF59: =Asghar!AL59+shahzad!AL59+Fahad!AL59+Asif!AL59+sumair!AL59 -> 0 | BG59: =Asghar!AP59+shahzad!AP59+Fahad!AP59+Asif!AP59+sumair!AP59 -> 0 | BH59: =Asghar!AT59+shahzad!AT59+Fahad!AT59+Asif!AT59+sumair!AT59 -> 0 | BI59: =Asghar!AX59+shahzad!AX59+Fahad!AX59+Asif!AX59+sumair!AX59 -> 0 | BJ59: =Asghar!BB59+shahzad!BB59+Fahad!BB59+Asif!BB59+sumair!BB59 -> 0 | BK59: =Asghar!BF59+shahzad!BF59+Fahad!BF59+Asif!BF59+sumair!BF59 -> 0 | BL59: =Asghar!BJ59+shahzad!BJ59+Fahad!BJ59+Asif!BJ59+sumair!BJ59 -> 0 | BM59: =Asghar!BN59+shahzad!BN59+Fahad!BN59+Asif!BN59+sumair!BN59 -> 0 | BN59: =Asghar!BR59+shahzad!BR59+Fahad!BR59+Asif!BR59+sumair!BR59 -> 0 | BO59: =Asghar!BV59+shahzad!BV59+Fahad!BV59+Asif!BV59+sumair!BV59 -> 0 | BP59: =Asghar!BZ59+shahzad!BZ59+Fahad!BZ59+Asif!BZ59+sumair!BZ59 -> 0 | BQ59: =Asghar!CD59+shahzad!CD59+Fahad!CD59+Asif!CD59+sumair!CD59 -> 0 | BR59: =Asghar!CH59+shahzad!CH59+Fahad!CH59+Asif!CH59+sumair!CH59 -> 0 | BS59: =Asghar!CL59+shahzad!CL59+Fahad!CL59+Asif!CL59+sumair!CL59 -> 0 | BT59: =Asghar!CP59+shahzad!CP59+Fahad!CP59+Asif!CP59+sumair!CP59 -> 0 | BU59: =Asghar!CT59+shahzad!CT59+Fahad!CT59+Asif!CT59+sumair!CT59 -> 0 | BV59: =Asghar!CX59+shahzad!CX59+Fahad!CX59+Asif!CX59+sumair!CX59 -> 0 | BW59: =Asghar!DB59+shahzad!DB59+Fahad!DB59+Asif!DB59+sumair!DB59 -> 0 | BX59: =Asghar!DF59+shahzad!DF59+Fahad!DF59+Asif!DF59+sumair!DF59 -> 0 | BY59: =Asghar!DJ59+shahzad!DJ59+Fahad!DJ59+Asif!DJ59+sumair!DJ59 -> 0 | BZ59: =Asghar!DN59+shahzad!DN59+Fahad!DN59+Asif!DN59+sumair!DN59 -> 0 | CA59: =Asghar!DR59+shahzad!DR59+Fahad!DR59+Asif!DR59+sumair!DR59 -> 0 | CB59: =Asghar!DV59+shahzad!DV59+Fahad!DV59+Asif!DV59+sumair!DV59 -> 0 | CC59: =Asghar!DZ59+shahzad!DZ59+Fahad!DZ59+Asif!DZ59+sumair!DZ59 -> 0 | CD59: =SUM(AY59:CC59) -> 0 | CF59: =N59 -> 7 | CG59: =AW59 -> 0 | CH59: =CG59+CF59 -> 7 | CI59: =CD59 -> 0 | CJ59: =CH59-CI59 -> 7
B60: 109517 | C60: Choco Jammin-Strawb-Rs.30-(12x24) - Box | D60: 12 | E60: 24 | F60: 286.53842 | L60: =I60/E60 -> 0 | M60: =I60/E60 -> 0 | N60: =M60+H60 -> 0 | O60: =N60*E60 -> 0 | P60: =O60*F60 -> 0 | AW60: =SUM(R60:AV60) -> 0 | AY60: =Asghar!J60+shahzad!J60+Fahad!J60+Asif!J60+sumair!J60 -> 0 | AZ60: =Asghar!N60+shahzad!N60+Fahad!N60+Asif!N60+sumair!N60 -> 0 | BA60: =Asghar!R60+shahzad!R60+Fahad!R60+Asif!R60+sumair!R60 -> 0 | BB60: =Asghar!V60+shahzad!V60+Fahad!V60+Asif!V60+sumair!V60 -> 0 | BC60: =Asghar!Z60+shahzad!Z60+Fahad!Z60+Asif!Z60+sumair!Z60 -> 0 | BD60: =Asghar!AD60+shahzad!AD60+Fahad!AD60+Asif!AD60+sumair!AD60 -> 0 | BE60: =Asghar!AH60+shahzad!AH60+Fahad!AH60+Asif!AH60+sumair!AH60 -> 0 | BF60: =Asghar!AL60+shahzad!AL60+Fahad!AL60+Asif!AL60+sumair!AL60 -> 0 | BG60: =Asghar!AP60+shahzad!AP60+Fahad!AP60+Asif!AP60+sumair!AP60 -> 0 | BH60: =Asghar!AT60+shahzad!AT60+Fahad!AT60+Asif!AT60+sumair!AT60 -> 0 | BI60: =Asghar!AX60+shahzad!AX60+Fahad!AX60+Asif!AX60+sumair!AX60 -> 0 | BJ60: =Asghar!BB60+shahzad!BB60+Fahad!BB60+Asif!BB60+sumair!BB60 -> 0 | BK60: =Asghar!BF60+shahzad!BF60+Fahad!BF60+Asif!BF60+sumair!BF60 -> 0 | BL60: =Asghar!BJ60+shahzad!BJ60+Fahad!BJ60+Asif!BJ60+sumair!BJ60 -> 0 | BM60: =Asghar!BN60+shahzad!BN60+Fahad!BN60+Asif!BN60+sumair!BN60 -> 0 | BN60: =Asghar!BR60+shahzad!BR60+Fahad!BR60+Asif!BR60+sumair!BR60 -> 0 | BO60: =Asghar!BV60+shahzad!BV60+Fahad!BV60+Asif!BV60+sumair!BV60 -> 0 | BP60: =Asghar!BZ60+shahzad!BZ60+Fahad!BZ60+Asif!BZ60+sumair!BZ60 -> 0 | BQ60: =Asghar!CD60+shahzad!CD60+Fahad!CD60+Asif!CD60+sumair!CD60 -> 0 | BR60: =Asghar!CH60+shahzad!CH60+Fahad!CH60+Asif!CH60+sumair!CH60 -> 0 | BS60: =Asghar!CL60+shahzad!CL60+Fahad!CL60+Asif!CL60+sumair!CL60 -> 0 | BT60: =Asghar!CP60+shahzad!CP60+Fahad!CP60+Asif!CP60+sumair!CP60 -> 0 | BU60: =Asghar!CT60+shahzad!CT60+Fahad!CT60+Asif!CT60+sumair!CT60 -> 0 | BV60: =Asghar!CX60+shahzad!CX60+Fahad!CX60+Asif!CX60+sumair!CX60 -> 0 | BW60: =Asghar!DB60+shahzad!DB60+Fahad!DB60+Asif!DB60+sumair!DB60 -> 0 | BX60: =Asghar!DF60+shahzad!DF60+Fahad!DF60+Asif!DF60+sumair!DF60 -> 0 | BY60: =Asghar!DJ60+shahzad!DJ60+Fahad!DJ60+Asif!DJ60+sumair!DJ60 -> 0 | BZ60: =Asghar!DN60+shahzad!DN60+Fahad!DN60+Asif!DN60+sumair!DN60 -> 0 | CA60: =Asghar!DR60+shahzad!DR60+Fahad!DR60+Asif!DR60+sumair!DR60 -> 0 | CB60: =Asghar!DV60+shahzad!DV60+Fahad!DV60+Asif!DV60+sumair!DV60 -> 0 | CC60: =Asghar!DZ60+shahzad!DZ60+Fahad!DZ60+Asif!DZ60+sumair!DZ60 -> 0 | CD60: =SUM(AY60:CC60) -> 0 | CF60: =N60 -> 0 | CG60: =AW60 -> 0 | CH60: =CG60+CF60 -> 0 | CI60: =CD60 -> 0 | CJ60: =CH60-CI60 -> 0
B61: 110151 | C61: YOU MILK CHOCOLATE 18X18 RS 30 | D61: 18 | E61: 18 | F61: 425.92228 | H61: 9 | I61: 1 | L61: =I61/E61 -> 0.055555556 | M61: =I61/E61 -> 0.055555556 | N61: =M61+H61 -> 9.0555556 | O61: =N61*E61 -> 163 | P61: =O61*F61 -> 69425.332 | AW61: =SUM(R61:AV61) -> 0 | AY61: =Asghar!J61+shahzad!J61+Fahad!J61+Asif!J61+sumair!J61 -> 0 | AZ61: =Asghar!N61+shahzad!N61+Fahad!N61+Asif!N61+sumair!N61 -> 0 | BA61: =Asghar!R61+shahzad!R61+Fahad!R61+Asif!R61+sumair!R61 -> 0 | BB61: =Asghar!V61+shahzad!V61+Fahad!V61+Asif!V61+sumair!V61 -> 0 | BC61: =Asghar!Z61+shahzad!Z61+Fahad!Z61+Asif!Z61+sumair!Z61 -> 0 | BD61: =Asghar!AD61+shahzad!AD61+Fahad!AD61+Asif!AD61+sumair!AD61 -> 0 | BE61: =Asghar!AH61+shahzad!AH61+Fahad!AH61+Asif!AH61+sumair!AH61 -> 0 | BF61: =Asghar!AL61+shahzad!AL61+Fahad!AL61+Asif!AL61+sumair!AL61 -> 0 | BG61: =Asghar!AP61+shahzad!AP61+Fahad!AP61+Asif!AP61+sumair!AP61 -> 0 | BH61: =Asghar!AT61+shahzad!AT61+Fahad!AT61+Asif!AT61+sumair!AT61 -> 0 | BI61: =Asghar!AX61+shahzad!AX61+Fahad!AX61+Asif!AX61+sumair!AX61 -> 0 | BJ61: =Asghar!BB61+shahzad!BB61+Fahad!BB61+Asif!BB61+sumair!BB61 -> 0 | BK61: =Asghar!BF61+shahzad!BF61+Fahad!BF61+Asif!BF61+sumair!BF61 -> 0 | BL61: =Asghar!BJ61+shahzad!BJ61+Fahad!BJ61+Asif!BJ61+sumair!BJ61 -> 0 | BM61: =Asghar!BN61+shahzad!BN61+Fahad!BN61+Asif!BN61+sumair!BN61 -> 0 | BN61: =Asghar!BR61+shahzad!BR61+Fahad!BR61+Asif!BR61+sumair!BR61 -> 0 | BO61: =Asghar!BV61+shahzad!BV61+Fahad!BV61+Asif!BV61+sumair!BV61 -> 0 | BP61: =Asghar!BZ61+shahzad!BZ61+Fahad!BZ61+Asif!BZ61+sumair!BZ61 -> 0 | BQ61: =Asghar!CD61+shahzad!CD61+Fahad!CD61+Asif!CD61+sumair!CD61 -> 0 | BR61: =Asghar!CH61+shahzad!CH61+Fahad!CH61+Asif!CH61+sumair!CH61 -> 0 | BS61: =Asghar!CL61+shahzad!CL61+Fahad!CL61+Asif!CL61+sumair!CL61 -> 0 | BT61: =Asghar!CP61+shahzad!CP61+Fahad!CP61+Asif!CP61+sumair!CP61 -> 0 | BU61: =Asghar!CT61+shahzad!CT61+Fahad!CT61+Asif!CT61+sumair!CT61 -> 0 | BV61: =Asghar!CX61+shahzad!CX61+Fahad!CX61+Asif!CX61+sumair!CX61 -> 0 | BW61: =Asghar!DB61+shahzad!DB61+Fahad!DB61+Asif!DB61+sumair!DB61 -> 0 | BX61: =Asghar!DF61+shahzad!DF61+Fahad!DF61+Asif!DF61+sumair!DF61 -> 0 | BY61: =Asghar!DJ61+shahzad!DJ61+Fahad!DJ61+Asif!DJ61+sumair!DJ61 -> 0 | BZ61: =Asghar!DN61+shahzad!DN61+Fahad!DN61+Asif!DN61+sumair!DN61 -> 0 | CA61: =Asghar!DR61+shahzad!DR61+Fahad!DR61+Asif!DR61+sumair!DR61 -> 0 | CB61: =Asghar!DV61+shahzad!DV61+Fahad!DV61+Asif!DV61+sumair!DV61 -> 0 | CC61: =Asghar!DZ61+shahzad!DZ61+Fahad!DZ61+Asif!DZ61+sumair!DZ61 -> 0 | CD61: =SUM(AY61:CC61) -> 0 | CF61: =N61 -> 9.0555556 | CG61: =AW61 -> 0 | CH61: =CG61+CF61 -> 9.0555556 | CI61: =CD61 -> 0 | CJ61: =CH61-CI61 -> 9.0555556
B62: 110157 | C62: YOU MILK CHOCOLATE 18x18 Rs 50 | D62: 18 | E62: 18 | F62: 721.70177 | H62: 31 | I62: 14 | L62: =I62/E62 -> 0.77777778 | M62: =I62/E62 -> 0.77777778 | N62: =M62+H62 -> 31.777778 | O62: =N62*E62 -> 572 | P62: =O62*F62 -> 412813.41 | AW62: =SUM(R62:AV62) -> 0 | AY62: =Asghar!J62+shahzad!J62+Fahad!J62+Asif!J62+sumair!J62 -> 0 | AZ62: =Asghar!N62+shahzad!N62+Fahad!N62+Asif!N62+sumair!N62 -> 0 | BA62: =Asghar!R62+shahzad!R62+Fahad!R62+Asif!R62+sumair!R62 -> 0 | BB62: =Asghar!V62+shahzad!V62+Fahad!V62+Asif!V62+sumair!V62 -> 0 | BC62: =Asghar!Z62+shahzad!Z62+Fahad!Z62+Asif!Z62+sumair!Z62 -> 0 | BD62: =Asghar!AD62+shahzad!AD62+Fahad!AD62+Asif!AD62+sumair!AD62 -> 0 | BE62: =Asghar!AH62+shahzad!AH62+Fahad!AH62+Asif!AH62+sumair!AH62 -> 0 | BF62: =Asghar!AL62+shahzad!AL62+Fahad!AL62+Asif!AL62+sumair!AL62 -> 0 | BG62: =Asghar!AP62+shahzad!AP62+Fahad!AP62+Asif!AP62+sumair!AP62 -> 0 | BH62: =Asghar!AT62+shahzad!AT62+Fahad!AT62+Asif!AT62+sumair!AT62 -> 0 | BI62: =Asghar!AX62+shahzad!AX62+Fahad!AX62+Asif!AX62+sumair!AX62 -> 0 | BJ62: =Asghar!BB62+shahzad!BB62+Fahad!BB62+Asif!BB62+sumair!BB62 -> 0 | BK62: =Asghar!BF62+shahzad!BF62+Fahad!BF62+Asif!BF62+sumair!BF62 -> 0 | BL62: =Asghar!BJ62+shahzad!BJ62+Fahad!BJ62+Asif!BJ62+sumair!BJ62 -> 0 | BM62: =Asghar!BN62+shahzad!BN62+Fahad!BN62+Asif!BN62+sumair!BN62 -> 0 | BN62: =Asghar!BR62+shahzad!BR62+Fahad!BR62+Asif!BR62+sumair!BR62 -> 0 | BO62: =Asghar!BV62+shahzad!BV62+Fahad!BV62+Asif!BV62+sumair!BV62 -> 0 | BP62: =Asghar!BZ62+shahzad!BZ62+Fahad!BZ62+Asif!BZ62+sumair!BZ62 -> 0 | BQ62: =Asghar!CD62+shahzad!CD62+Fahad!CD62+Asif!CD62+sumair!CD62 -> 0 | BR62: =Asghar!CH62+shahzad!CH62+Fahad!CH62+Asif!CH62+sumair!CH62 -> 0 | BS62: =Asghar!CL62+shahzad!CL62+Fahad!CL62+Asif!CL62+sumair!CL62 -> 0 | BT62: =Asghar!CP62+shahzad!CP62+Fahad!CP62+Asif!CP62+sumair!CP62 -> 0 | BU62: =Asghar!CT62+shahzad!CT62+Fahad!CT62+Asif!CT62+sumair!CT62 -> 0 | BV62: =Asghar!CX62+shahzad!CX62+Fahad!CX62+Asif!CX62+sumair!CX62 -> 0 | BW62: =Asghar!DB62+shahzad!DB62+Fahad!DB62+Asif!DB62+sumair!DB62 -> 0 | BX62: =Asghar!DF62+shahzad!DF62+Fahad!DF62+Asif!DF62+sumair!DF62 -> 0 | BY62: =Asghar!DJ62+shahzad!DJ62+Fahad!DJ62+Asif!DJ62+sumair!DJ62 -> 0 | BZ62: =Asghar!DN62+shahzad!DN62+Fahad!DN62+Asif!DN62+sumair!DN62 -> 0 | CA62: =Asghar!DR62+shahzad!DR62+Fahad!DR62+Asif!DR62+sumair!DR62 -> 0 | CB62: =Asghar!DV62+shahzad!DV62+Fahad!DV62+Asif!DV62+sumair!DV62 -> 0 | CC62: =Asghar!DZ62+shahzad!DZ62+Fahad!DZ62+Asif!DZ62+sumair!DZ62 -> 0 | CD62: =SUM(AY62:CC62) -> 0 | CF62: =N62 -> 31.777778 | CG62: =AW62 -> 0 | CH62: =CG62+CF62 -> 31.777778 | CI62: =CD62 -> 0 | CJ62: =CH62-CI62 -> 31.777778
B63: 111002 | C63: YUMS FRUITY RS.20 (12PCS X 18BOX) | D63: 12 | E63: 18 | F63: 190.46152 | I63: 8 | L63: =I63/E63 -> 0.44444444 | M63: =I63/E63 -> 0.44444444 | N63: =M63+H63 -> 0.44444444 | O63: =N63*E63 -> 8 | P63: =O63*F63 -> 1523.6921 | AW63: =SUM(R63:AV63) -> 0 | AY63: =Asghar!J63+shahzad!J63+Fahad!J63+Asif!J63+sumair!J63 -> 0 | AZ63: =Asghar!N63+shahzad!N63+Fahad!N63+Asif!N63+sumair!N63 -> 0 | BA63: =Asghar!R63+shahzad!R63+Fahad!R63+Asif!R63+sumair!R63 -> 0 | BB63: =Asghar!V63+shahzad!V63+Fahad!V63+Asif!V63+sumair!V63 -> 0 | BC63: =Asghar!Z63+shahzad!Z63+Fahad!Z63+Asif!Z63+sumair!Z63 -> 0 | BD63: =Asghar!AD63+shahzad!AD63+Fahad!AD63+Asif!AD63+sumair!AD63 -> 0 | BE63: =Asghar!AH63+shahzad!AH63+Fahad!AH63+Asif!AH63+sumair!AH63 -> 0 | BF63: =Asghar!AL63+shahzad!AL63+Fahad!AL63+Asif!AL63+sumair!AL63 -> 0 | BG63: =Asghar!AP63+shahzad!AP63+Fahad!AP63+Asif!AP63+sumair!AP63 -> 0 | BH63: =Asghar!AT63+shahzad!AT63+Fahad!AT63+Asif!AT63+sumair!AT63 -> 0 | BI63: =Asghar!AX63+shahzad!AX63+Fahad!AX63+Asif!AX63+sumair!AX63 -> 0 | BJ63: =Asghar!BB63+shahzad!BB63+Fahad!BB63+Asif!BB63+sumair!BB63 -> 0 | BK63: =Asghar!BF63+shahzad!BF63+Fahad!BF63+Asif!BF63+sumair!BF63 -> 0 | BL63: =Asghar!BJ63+shahzad!BJ63+Fahad!BJ63+Asif!BJ63+sumair!BJ63 -> 0 | BM63: =Asghar!BN63+shahzad!BN63+Fahad!BN63+Asif!BN63+sumair!BN63 -> 0 | BN63: =Asghar!BR63+shahzad!BR63+Fahad!BR63+Asif!BR63+sumair!BR63 -> 0 | BO63: =Asghar!BV63+shahzad!BV63+Fahad!BV63+Asif!BV63+sumair!BV63 -> 0 | BP63: =Asghar!BZ63+shahzad!BZ63+Fahad!BZ63+Asif!BZ63+sumair!BZ63 -> 0 | BQ63: =Asghar!CD63+shahzad!CD63+Fahad!CD63+Asif!CD63+sumair!CD63 -> 0 | BR63: =Asghar!CH63+shahzad!CH63+Fahad!CH63+Asif!CH63+sumair!CH63 -> 0 | BS63: =Asghar!CL63+shahzad!CL63+Fahad!CL63+Asif!CL63+sumair!CL63 -> 0 | BT63: =Asghar!CP63+shahzad!CP63+Fahad!CP63+Asif!CP63+sumair!CP63 -> 0 | BU63: =Asghar!CT63+shahzad!CT63+Fahad!CT63+Asif!CT63+sumair!CT63 -> 0 | BV63: =Asghar!CX63+shahzad!CX63+Fahad!CX63+Asif!CX63+sumair!CX63 -> 0 | BW63: =Asghar!DB63+shahzad!DB63+Fahad!DB63+Asif!DB63+sumair!DB63 -> 0 | BX63: =Asghar!DF63+shahzad!DF63+Fahad!DF63+Asif!DF63+sumair!DF63 -> 0 | BY63: =Asghar!DJ63+shahzad!DJ63+Fahad!DJ63+Asif!DJ63+sumair!DJ63 -> 0 | BZ63: =Asghar!DN63+shahzad!DN63+Fahad!DN63+Asif!DN63+sumair!DN63 -> 0 | CA63: =Asghar!DR63+shahzad!DR63+Fahad!DR63+Asif!DR63+sumair!DR63 -> 0 | CB63: =Asghar!DV63+shahzad!DV63+Fahad!DV63+Asif!DV63+sumair!DV63 -> 0 | CC63: =Asghar!DZ63+shahzad!DZ63+Fahad!DZ63+Asif!DZ63+sumair!DZ63 -> 0 | CD63: =SUM(AY63:CC63) -> 0 | CF63: =N63 -> 0.44444444 | CG63: =AW63 -> 0 | CH63: =CG63+CF63 -> 0.44444444 | CI63: =CD63 -> 0 | CJ63: =CH63-CI63 -> 0.44444444
B64: 111006 | C64: Yums - Fruity - CP - Rs.10 -(24x18)- Box | D64: 24 | E64: 18 | F64: 193.64193 | H64: 49 | I64: 3 | L64: =I64/E64 -> 0.16666667 | M64: =I64/E64 -> 0.16666667 | N64: =M64+H64 -> 49.166667 | O64: =N64*E64 -> 885 | P64: =O64*F64 -> 171373.11 | AW64: =SUM(R64:AV64) -> 0 | AY64: =Asghar!J64+shahzad!J64+Fahad!J64+Asif!J64+sumair!J64 -> 0 | AZ64: =Asghar!N64+shahzad!N64+Fahad!N64+Asif!N64+sumair!N64 -> 0 | BA64: =Asghar!R64+shahzad!R64+Fahad!R64+Asif!R64+sumair!R64 -> 0 | BB64: =Asghar!V64+shahzad!V64+Fahad!V64+Asif!V64+sumair!V64 -> 0 | BC64: =Asghar!Z64+shahzad!Z64+Fahad!Z64+Asif!Z64+sumair!Z64 -> 0 | BD64: =Asghar!AD64+shahzad!AD64+Fahad!AD64+Asif!AD64+sumair!AD64 -> 0 | BE64: =Asghar!AH64+shahzad!AH64+Fahad!AH64+Asif!AH64+sumair!AH64 -> 0 | BF64: =Asghar!AL64+shahzad!AL64+Fahad!AL64+Asif!AL64+sumair!AL64 -> 0 | BG64: =Asghar!AP64+shahzad!AP64+Fahad!AP64+Asif!AP64+sumair!AP64 -> 0 | BH64: =Asghar!AT64+shahzad!AT64+Fahad!AT64+Asif!AT64+sumair!AT64 -> 0 | BI64: =Asghar!AX64+shahzad!AX64+Fahad!AX64+Asif!AX64+sumair!AX64 -> 0 | BJ64: =Asghar!BB64+shahzad!BB64+Fahad!BB64+Asif!BB64+sumair!BB64 -> 0 | BK64: =Asghar!BF64+shahzad!BF64+Fahad!BF64+Asif!BF64+sumair!BF64 -> 0 | BL64: =Asghar!BJ64+shahzad!BJ64+Fahad!BJ64+Asif!BJ64+sumair!BJ64 -> 0 | BM64: =Asghar!BN64+shahzad!BN64+Fahad!BN64+Asif!BN64+sumair!BN64 -> 0 | BN64: =Asghar!BR64+shahzad!BR64+Fahad!BR64+Asif!BR64+sumair!BR64 -> 0 | BO64: =Asghar!BV64+shahzad!BV64+Fahad!BV64+Asif!BV64+sumair!BV64 -> 0 | BP64: =Asghar!BZ64+shahzad!BZ64+Fahad!BZ64+Asif!BZ64+sumair!BZ64 -> 0 | BQ64: =Asghar!CD64+shahzad!CD64+Fahad!CD64+Asif!CD64+sumair!CD64 -> 0 | BR64: =Asghar!CH64+shahzad!CH64+Fahad!CH64+Asif!CH64+sumair!CH64 -> 0 | BS64: =Asghar!CL64+shahzad!CL64+Fahad!CL64+Asif!CL64+sumair!CL64 -> 0 | BT64: =Asghar!CP64+shahzad!CP64+Fahad!CP64+Asif!CP64+sumair!CP64 -> 0 | BU64: =Asghar!CT64+shahzad!CT64+Fahad!CT64+Asif!CT64+sumair!CT64 -> 0 | BV64: =Asghar!CX64+shahzad!CX64+Fahad!CX64+Asif!CX64+sumair!CX64 -> 0 | BW64: =Asghar!DB64+shahzad!DB64+Fahad!DB64+Asif!DB64+sumair!DB64 -> 0 | BX64: =Asghar!DF64+shahzad!DF64+Fahad!DF64+Asif!DF64+sumair!DF64 -> 0 | BY64: =Asghar!DJ64+shahzad!DJ64+Fahad!DJ64+Asif!DJ64+sumair!DJ64 -> 0 | BZ64: =Asghar!DN64+shahzad!DN64+Fahad!DN64+Asif!DN64+sumair!DN64 -> 0 | CA64: =Asghar!DR64+shahzad!DR64+Fahad!DR64+Asif!DR64+sumair!DR64 -> 0 | CB64: =Asghar!DV64+shahzad!DV64+Fahad!DV64+Asif!DV64+sumair!DV64 -> 0 | CC64: =Asghar!DZ64+shahzad!DZ64+Fahad!DZ64+Asif!DZ64+sumair!DZ64 -> 0 | CD64: =SUM(AY64:CC64) -> 0 | CF64: =N64 -> 49.166667 | CG64: =AW64 -> 0 | CH64: =CG64+CF64 -> 49.166667 | CI64: =CD64 -> 0 | CJ64: =CH64-CI64 -> 49.166667
B65: 111107 | C65: YUMS SWEET Rs 50 FUN PACK 48 pouch/ctn | D65: 1 | E65: 48 | F65: 39.437248 | H65: 4 | I65: 38 | L65: =I65/E65 -> 0.79166667 | M65: =I65/E65 -> 0.79166667 | N65: =M65+H65 -> 4.7916667 | O65: =N65*E65 -> 230 | P65: =O65*F65 -> 9070.5671 | AW65: =SUM(R65:AV65) -> 0 | AY65: =Asghar!J65+shahzad!J65+Fahad!J65+Asif!J65+sumair!J65 -> 0 | AZ65: =Asghar!N65+shahzad!N65+Fahad!N65+Asif!N65+sumair!N65 -> 0 | BA65: =Asghar!R65+shahzad!R65+Fahad!R65+Asif!R65+sumair!R65 -> 0 | BB65: =Asghar!V65+shahzad!V65+Fahad!V65+Asif!V65+sumair!V65 -> 0 | BC65: =Asghar!Z65+shahzad!Z65+Fahad!Z65+Asif!Z65+sumair!Z65 -> 0 | BD65: =Asghar!AD65+shahzad!AD65+Fahad!AD65+Asif!AD65+sumair!AD65 -> 0 | BE65: =Asghar!AH65+shahzad!AH65+Fahad!AH65+Asif!AH65+sumair!AH65 -> 0 | BF65: =Asghar!AL65+shahzad!AL65+Fahad!AL65+Asif!AL65+sumair!AL65 -> 0 | BG65: =Asghar!AP65+shahzad!AP65+Fahad!AP65+Asif!AP65+sumair!AP65 -> 0 | BH65: =Asghar!AT65+shahzad!AT65+Fahad!AT65+Asif!AT65+sumair!AT65 -> 0 | BI65: =Asghar!AX65+shahzad!AX65+Fahad!AX65+Asif!AX65+sumair!AX65 -> 0 | BJ65: =Asghar!BB65+shahzad!BB65+Fahad!BB65+Asif!BB65+sumair!BB65 -> 0 | BK65: =Asghar!BF65+shahzad!BF65+Fahad!BF65+Asif!BF65+sumair!BF65 -> 0 | BL65: =Asghar!BJ65+shahzad!BJ65+Fahad!BJ65+Asif!BJ65+sumair!BJ65 -> 0 | BM65: =Asghar!BN65+shahzad!BN65+Fahad!BN65+Asif!BN65+sumair!BN65 -> 0 | BN65: =Asghar!BR65+shahzad!BR65+Fahad!BR65+Asif!BR65+sumair!BR65 -> 0 | BO65: =Asghar!BV65+shahzad!BV65+Fahad!BV65+Asif!BV65+sumair!BV65 -> 0 | BP65: =Asghar!BZ65+shahzad!BZ65+Fahad!BZ65+Asif!BZ65+sumair!BZ65 -> 0 | BQ65: =Asghar!CD65+shahzad!CD65+Fahad!CD65+Asif!CD65+sumair!CD65 -> 0 | BR65: =Asghar!CH65+shahzad!CH65+Fahad!CH65+Asif!CH65+sumair!CH65 -> 0 | BS65: =Asghar!CL65+shahzad!CL65+Fahad!CL65+Asif!CL65+sumair!CL65 -> 0 | BT65: =Asghar!CP65+shahzad!CP65+Fahad!CP65+Asif!CP65+sumair!CP65 -> 0 | BU65: =Asghar!CT65+shahzad!CT65+Fahad!CT65+Asif!CT65+sumair!CT65 -> 0 | BV65: =Asghar!CX65+shahzad!CX65+Fahad!CX65+Asif!CX65+sumair!CX65 -> 0 | BW65: =Asghar!DB65+shahzad!DB65+Fahad!DB65+Asif!DB65+sumair!DB65 -> 0 | BX65: =Asghar!DF65+shahzad!DF65+Fahad!DF65+Asif!DF65+sumair!DF65 -> 0 | BY65: =Asghar!DJ65+shahzad!DJ65+Fahad!DJ65+Asif!DJ65+sumair!DJ65 -> 0 | BZ65: =Asghar!DN65+shahzad!DN65+Fahad!DN65+Asif!DN65+sumair!DN65 -> 0 | CA65: =Asghar!DR65+shahzad!DR65+Fahad!DR65+Asif!DR65+sumair!DR65 -> 0 | CB65: =Asghar!DV65+shahzad!DV65+Fahad!DV65+Asif!DV65+sumair!DV65 -> 0 | CC65: =Asghar!DZ65+shahzad!DZ65+Fahad!DZ65+Asif!DZ65+sumair!DZ65 -> 0 | CD65: =SUM(AY65:CC65) -> 0 | CF65: =N65 -> 4.7916667 | CG65: =AW65 -> 0 | CH65: =CG65+CF65 -> 4.7916667 | CI65: =CD65 -> 0 | CJ65: =CH65-CI65 -> 4.7916667
B66: 111108 | C66: YUMS SOUR Rs 50 FUN PACK 48 pouch/ctn | D66: 1 | E66: 48 | F66: 39.437248 | H66: 5 | I66: 18 | L66: =I66/E66 -> 0.375 | M66: =I66/E66 -> 0.375 | N66: =M66+H66 -> 5.375 | O66: =N66*E66 -> 258 | P66: =O66*F66 -> 10174.81 | AW66: =SUM(R66:AV66) -> 0 | AY66: =Asghar!J66+shahzad!J66+Fahad!J66+Asif!J66+sumair!J66 -> 0 | AZ66: =Asghar!N66+shahzad!N66+Fahad!N66+Asif!N66+sumair!N66 -> 0 | BA66: =Asghar!R66+shahzad!R66+Fahad!R66+Asif!R66+sumair!R66 -> 0 | BB66: =Asghar!V66+shahzad!V66+Fahad!V66+Asif!V66+sumair!V66 -> 0 | BC66: =Asghar!Z66+shahzad!Z66+Fahad!Z66+Asif!Z66+sumair!Z66 -> 0 | BD66: =Asghar!AD66+shahzad!AD66+Fahad!AD66+Asif!AD66+sumair!AD66 -> 0 | BE66: =Asghar!AH66+shahzad!AH66+Fahad!AH66+Asif!AH66+sumair!AH66 -> 0 | BF66: =Asghar!AL66+shahzad!AL66+Fahad!AL66+Asif!AL66+sumair!AL66 -> 0 | BG66: =Asghar!AP66+shahzad!AP66+Fahad!AP66+Asif!AP66+sumair!AP66 -> 0 | BH66: =Asghar!AT66+shahzad!AT66+Fahad!AT66+Asif!AT66+sumair!AT66 -> 0 | BI66: =Asghar!AX66+shahzad!AX66+Fahad!AX66+Asif!AX66+sumair!AX66 -> 0 | BJ66: =Asghar!BB66+shahzad!BB66+Fahad!BB66+Asif!BB66+sumair!BB66 -> 0 | BK66: =Asghar!BF66+shahzad!BF66+Fahad!BF66+Asif!BF66+sumair!BF66 -> 0 | BL66: =Asghar!BJ66+shahzad!BJ66+Fahad!BJ66+Asif!BJ66+sumair!BJ66 -> 0 | BM66: =Asghar!BN66+shahzad!BN66+Fahad!BN66+Asif!BN66+sumair!BN66 -> 0 | BN66: =Asghar!BR66+shahzad!BR66+Fahad!BR66+Asif!BR66+sumair!BR66 -> 0 | BO66: =Asghar!BV66+shahzad!BV66+Fahad!BV66+Asif!BV66+sumair!BV66 -> 0 | BP66: =Asghar!BZ66+shahzad!BZ66+Fahad!BZ66+Asif!BZ66+sumair!BZ66 -> 0 | BQ66: =Asghar!CD66+shahzad!CD66+Fahad!CD66+Asif!CD66+sumair!CD66 -> 0 | BR66: =Asghar!CH66+shahzad!CH66+Fahad!CH66+Asif!CH66+sumair!CH66 -> 0 | BS66: =Asghar!CL66+shahzad!CL66+Fahad!CL66+Asif!CL66+sumair!CL66 -> 0 | BT66: =Asghar!CP66+shahzad!CP66+Fahad!CP66+Asif!CP66+sumair!CP66 -> 0 | BU66: =Asghar!CT66+shahzad!CT66+Fahad!CT66+Asif!CT66+sumair!CT66 -> 0 | BV66: =Asghar!CX66+shahzad!CX66+Fahad!CX66+Asif!CX66+sumair!CX66 -> 0 | BW66: =Asghar!DB66+shahzad!DB66+Fahad!DB66+Asif!DB66+sumair!DB66 -> 0 | BX66: =Asghar!DF66+shahzad!DF66+Fahad!DF66+Asif!DF66+sumair!DF66 -> 0 | BY66: =Asghar!DJ66+shahzad!DJ66+Fahad!DJ66+Asif!DJ66+sumair!DJ66 -> 0 | BZ66: =Asghar!DN66+shahzad!DN66+Fahad!DN66+Asif!DN66+sumair!DN66 -> 0 | CA66: =Asghar!DR66+shahzad!DR66+Fahad!DR66+Asif!DR66+sumair!DR66 -> 0 | CB66: =Asghar!DV66+shahzad!DV66+Fahad!DV66+Asif!DV66+sumair!DV66 -> 0 | CC66: =Asghar!DZ66+shahzad!DZ66+Fahad!DZ66+Asif!DZ66+sumair!DZ66 -> 0 | CD66: =SUM(AY66:CC66) -> 0 | CF66: =N66 -> 5.375 | CG66: =AW66 -> 0 | CH66: =CG66+CF66 -> 5.375 | CI66: =CD66 -> 0 | CJ66: =CH66-CI66 -> 5.375
B67: 111109 | C67: YUMS SOUR RS.20 (12PCS X 18BOX) | D67: 12 | E67: 18 | F67: 190.46152 | I67: 6 | L67: =I67/E67 -> 0.33333333 | M67: =I67/E67 -> 0.33333333 | N67: =M67+H67 -> 0.33333333 | O67: =N67*E67 -> 6 | P67: =O67*F67 -> 1142.7691 | AW67: =SUM(R67:AV67) -> 0 | AY67: =Asghar!J67+shahzad!J67+Fahad!J67+Asif!J67+sumair!J67 -> 0 | AZ67: =Asghar!N67+shahzad!N67+Fahad!N67+Asif!N67+sumair!N67 -> 0 | BA67: =Asghar!R67+shahzad!R67+Fahad!R67+Asif!R67+sumair!R67 -> 0 | BB67: =Asghar!V67+shahzad!V67+Fahad!V67+Asif!V67+sumair!V67 -> 0 | BC67: =Asghar!Z67+shahzad!Z67+Fahad!Z67+Asif!Z67+sumair!Z67 -> 0 | BD67: =Asghar!AD67+shahzad!AD67+Fahad!AD67+Asif!AD67+sumair!AD67 -> 0 | BE67: =Asghar!AH67+shahzad!AH67+Fahad!AH67+Asif!AH67+sumair!AH67 -> 0 | BF67: =Asghar!AL67+shahzad!AL67+Fahad!AL67+Asif!AL67+sumair!AL67 -> 0 | BG67: =Asghar!AP67+shahzad!AP67+Fahad!AP67+Asif!AP67+sumair!AP67 -> 0 | BH67: =Asghar!AT67+shahzad!AT67+Fahad!AT67+Asif!AT67+sumair!AT67 -> 0 | BI67: =Asghar!AX67+shahzad!AX67+Fahad!AX67+Asif!AX67+sumair!AX67 -> 0 | BJ67: =Asghar!BB67+shahzad!BB67+Fahad!BB67+Asif!BB67+sumair!BB67 -> 0 | BK67: =Asghar!BF67+shahzad!BF67+Fahad!BF67+Asif!BF67+sumair!BF67 -> 0 | BL67: =Asghar!BJ67+shahzad!BJ67+Fahad!BJ67+Asif!BJ67+sumair!BJ67 -> 0 | BM67: =Asghar!BN67+shahzad!BN67+Fahad!BN67+Asif!BN67+sumair!BN67 -> 0 | BN67: =Asghar!BR67+shahzad!BR67+Fahad!BR67+Asif!BR67+sumair!BR67 -> 0 | BO67: =Asghar!BV67+shahzad!BV67+Fahad!BV67+Asif!BV67+sumair!BV67 -> 0 | BP67: =Asghar!BZ67+shahzad!BZ67+Fahad!BZ67+Asif!BZ67+sumair!BZ67 -> 0 | BQ67: =Asghar!CD67+shahzad!CD67+Fahad!CD67+Asif!CD67+sumair!CD67 -> 0 | BR67: =Asghar!CH67+shahzad!CH67+Fahad!CH67+Asif!CH67+sumair!CH67 -> 0 | BS67: =Asghar!CL67+shahzad!CL67+Fahad!CL67+Asif!CL67+sumair!CL67 -> 0 | BT67: =Asghar!CP67+shahzad!CP67+Fahad!CP67+Asif!CP67+sumair!CP67 -> 0 | BU67: =Asghar!CT67+shahzad!CT67+Fahad!CT67+Asif!CT67+sumair!CT67 -> 0 | BV67: =Asghar!CX67+shahzad!CX67+Fahad!CX67+Asif!CX67+sumair!CX67 -> 0 | BW67: =Asghar!DB67+shahzad!DB67+Fahad!DB67+Asif!DB67+sumair!DB67 -> 0 | BX67: =Asghar!DF67+shahzad!DF67+Fahad!DF67+Asif!DF67+sumair!DF67 -> 0 | BY67: =Asghar!DJ67+shahzad!DJ67+Fahad!DJ67+Asif!DJ67+sumair!DJ67 -> 0 | BZ67: =Asghar!DN67+shahzad!DN67+Fahad!DN67+Asif!DN67+sumair!DN67 -> 0 | CA67: =Asghar!DR67+shahzad!DR67+Fahad!DR67+Asif!DR67+sumair!DR67 -> 0 | CB67: =Asghar!DV67+shahzad!DV67+Fahad!DV67+Asif!DV67+sumair!DV67 -> 0 | CC67: =Asghar!DZ67+shahzad!DZ67+Fahad!DZ67+Asif!DZ67+sumair!DZ67 -> 0 | CD67: =SUM(AY67:CC67) -> 0 | CF67: =N67 -> 0.33333333 | CG67: =AW67 -> 0 | CH67: =CG67+CF67 -> 0.33333333 | CI67: =CD67 -> 0 | CJ67: =CH67-CI67 -> 0.33333333
B68: 111124 | C68: Yums - Sour - CP - Rs.10 - (24x18) - Box | D68: 24 | E68: 18 | F68: 193.64193 | H68: 36 | I68: 7 | L68: =I68/E68 -> 0.38888889 | M68: =I68/E68 -> 0.38888889 | N68: =M68+H68 -> 36.388889 | O68: =N68*E68 -> 655 | P68: =O68*F68 -> 126835.47 | AW68: =SUM(R68:AV68) -> 0 | AY68: =Asghar!J68+shahzad!J68+Fahad!J68+Asif!J68+sumair!J68 -> 0 | AZ68: =Asghar!N68+shahzad!N68+Fahad!N68+Asif!N68+sumair!N68 -> 0 | BA68: =Asghar!R68+shahzad!R68+Fahad!R68+Asif!R68+sumair!R68 -> 0 | BB68: =Asghar!V68+shahzad!V68+Fahad!V68+Asif!V68+sumair!V68 -> 0 | BC68: =Asghar!Z68+shahzad!Z68+Fahad!Z68+Asif!Z68+sumair!Z68 -> 0 | BD68: =Asghar!AD68+shahzad!AD68+Fahad!AD68+Asif!AD68+sumair!AD68 -> 0 | BE68: =Asghar!AH68+shahzad!AH68+Fahad!AH68+Asif!AH68+sumair!AH68 -> 0 | BF68: =Asghar!AL68+shahzad!AL68+Fahad!AL68+Asif!AL68+sumair!AL68 -> 0 | BG68: =Asghar!AP68+shahzad!AP68+Fahad!AP68+Asif!AP68+sumair!AP68 -> 0 | BH68: =Asghar!AT68+shahzad!AT68+Fahad!AT68+Asif!AT68+sumair!AT68 -> 0 | BI68: =Asghar!AX68+shahzad!AX68+Fahad!AX68+Asif!AX68+sumair!AX68 -> 0 | BJ68: =Asghar!BB68+shahzad!BB68+Fahad!BB68+Asif!BB68+sumair!BB68 -> 0 | BK68: =Asghar!BF68+shahzad!BF68+Fahad!BF68+Asif!BF68+sumair!BF68 -> 0 | BL68: =Asghar!BJ68+shahzad!BJ68+Fahad!BJ68+Asif!BJ68+sumair!BJ68 -> 0 | BM68: =Asghar!BN68+shahzad!BN68+Fahad!BN68+Asif!BN68+sumair!BN68 -> 0 | BN68: =Asghar!BR68+shahzad!BR68+Fahad!BR68+Asif!BR68+sumair!BR68 -> 0 | BO68: =Asghar!BV68+shahzad!BV68+Fahad!BV68+Asif!BV68+sumair!BV68 -> 0 | BP68: =Asghar!BZ68+shahzad!BZ68+Fahad!BZ68+Asif!BZ68+sumair!BZ68 -> 0 | BQ68: =Asghar!CD68+shahzad!CD68+Fahad!CD68+Asif!CD68+sumair!CD68 -> 0 | BR68: =Asghar!CH68+shahzad!CH68+Fahad!CH68+Asif!CH68+sumair!CH68 -> 0 | BS68: =Asghar!CL68+shahzad!CL68+Fahad!CL68+Asif!CL68+sumair!CL68 -> 0 | BT68: =Asghar!CP68+shahzad!CP68+Fahad!CP68+Asif!CP68+sumair!CP68 -> 0 | BU68: =Asghar!CT68+shahzad!CT68+Fahad!CT68+Asif!CT68+sumair!CT68 -> 0 | BV68: =Asghar!CX68+shahzad!CX68+Fahad!CX68+Asif!CX68+sumair!CX68 -> 0 | BW68: =Asghar!DB68+shahzad!DB68+Fahad!DB68+Asif!DB68+sumair!DB68 -> 0 | BX68: =Asghar!DF68+shahzad!DF68+Fahad!DF68+Asif!DF68+sumair!DF68 -> 0 | BY68: =Asghar!DJ68+shahzad!DJ68+Fahad!DJ68+Asif!DJ68+sumair!DJ68 -> 0 | BZ68: =Asghar!DN68+shahzad!DN68+Fahad!DN68+Asif!DN68+sumair!DN68 -> 0 | CA68: =Asghar!DR68+shahzad!DR68+Fahad!DR68+Asif!DR68+sumair!DR68 -> 0 | CB68: =Asghar!DV68+shahzad!DV68+Fahad!DV68+Asif!DV68+sumair!DV68 -> 0 | CC68: =Asghar!DZ68+shahzad!DZ68+Fahad!DZ68+Asif!DZ68+sumair!DZ68 -> 0 | CD68: =SUM(AY68:CC68) -> 0 | CF68: =N68 -> 36.388889 | CG68: =AW68 -> 0 | CH68: =CG68+CF68 -> 36.388889 | CI68: =CD68 -> 0 | CJ68: =CH68-CI68 -> 36.388889
B69: 111131 | C69: Pebbles - Rs 50 - (12x8)-Box | D69: 12 | E69: 8 | F69: 481.09632 | L69: =I69/E69 -> 0 | M69: =I69/E69 -> 0 | N69: =M69+H69 -> 0 | O69: =N69*E69 -> 0 | P69: =O69*F69 -> 0 | AW69: =SUM(R69:AV69) -> 0 | AY69: =Asghar!J69+shahzad!J69+Fahad!J69+Asif!J69+sumair!J69 -> 0 | AZ69: =Asghar!N69+shahzad!N69+Fahad!N69+Asif!N69+sumair!N69 -> 0 | BA69: =Asghar!R69+shahzad!R69+Fahad!R69+Asif!R69+sumair!R69 -> 0 | BB69: =Asghar!V69+shahzad!V69+Fahad!V69+Asif!V69+sumair!V69 -> 0 | BC69: =Asghar!Z69+shahzad!Z69+Fahad!Z69+Asif!Z69+sumair!Z69 -> 0 | BD69: =Asghar!AD69+shahzad!AD69+Fahad!AD69+Asif!AD69+sumair!AD69 -> 0 | BE69: =Asghar!AH69+shahzad!AH69+Fahad!AH69+Asif!AH69+sumair!AH69 -> 0 | BF69: =Asghar!AL69+shahzad!AL69+Fahad!AL69+Asif!AL69+sumair!AL69 -> 0 | BG69: =Asghar!AP69+shahzad!AP69+Fahad!AP69+Asif!AP69+sumair!AP69 -> 0 | BH69: =Asghar!AT69+shahzad!AT69+Fahad!AT69+Asif!AT69+sumair!AT69 -> 0 | BI69: =Asghar!AX69+shahzad!AX69+Fahad!AX69+Asif!AX69+sumair!AX69 -> 0 | BJ69: =Asghar!BB69+shahzad!BB69+Fahad!BB69+Asif!BB69+sumair!BB69 -> 0 | BK69: =Asghar!BF69+shahzad!BF69+Fahad!BF69+Asif!BF69+sumair!BF69 -> 0 | BL69: =Asghar!BJ69+shahzad!BJ69+Fahad!BJ69+Asif!BJ69+sumair!BJ69 -> 0 | BM69: =Asghar!BN69+shahzad!BN69+Fahad!BN69+Asif!BN69+sumair!BN69 -> 0 | BN69: =Asghar!BR69+shahzad!BR69+Fahad!BR69+Asif!BR69+sumair!BR69 -> 0 | BO69: =Asghar!BV69+shahzad!BV69+Fahad!BV69+Asif!BV69+sumair!BV69 -> 0 | BP69: =Asghar!BZ69+shahzad!BZ69+Fahad!BZ69+Asif!BZ69+sumair!BZ69 -> 0 | BQ69: =Asghar!CD69+shahzad!CD69+Fahad!CD69+Asif!CD69+sumair!CD69 -> 0 | BR69: =Asghar!CH69+shahzad!CH69+Fahad!CH69+Asif!CH69+sumair!CH69 -> 0 | BS69: =Asghar!CL69+shahzad!CL69+Fahad!CL69+Asif!CL69+sumair!CL69 -> 0 | BT69: =Asghar!CP69+shahzad!CP69+Fahad!CP69+Asif!CP69+sumair!CP69 -> 0 | BU69: =Asghar!CT69+shahzad!CT69+Fahad!CT69+Asif!CT69+sumair!CT69 -> 0 | BV69: =Asghar!CX69+shahzad!CX69+Fahad!CX69+Asif!CX69+sumair!CX69 -> 0 | BW69: =Asghar!DB69+shahzad!DB69+Fahad!DB69+Asif!DB69+sumair!DB69 -> 0 | BX69: =Asghar!DF69+shahzad!DF69+Fahad!DF69+Asif!DF69+sumair!DF69 -> 0 | BY69: =Asghar!DJ69+shahzad!DJ69+Fahad!DJ69+Asif!DJ69+sumair!DJ69 -> 0 | BZ69: =Asghar!DN69+shahzad!DN69+Fahad!DN69+Asif!DN69+sumair!DN69 -> 0 | CA69: =Asghar!DR69+shahzad!DR69+Fahad!DR69+Asif!DR69+sumair!DR69 -> 0 | CB69: =Asghar!DV69+shahzad!DV69+Fahad!DV69+Asif!DV69+sumair!DV69 -> 0 | CC69: =Asghar!DZ69+shahzad!DZ69+Fahad!DZ69+Asif!DZ69+sumair!DZ69 -> 0 | CD69: =SUM(AY69:CC69) -> 0 | CF69: =N69 -> 0 | CG69: =AW69 -> 0 | CH69: =CG69+CF69 -> 0 | CI69: =CD69 -> 0 | CJ69: =CH69-CI69 -> 0
B70: 111202 | C70: Punch candy-Rs 5-(25x36)-bag | D70: 25 | E70: 36 | F70: 99.122262 | L70: =I70/E70 -> 0 | M70: =I70/E70 -> 0 | N70: =M70+H70 -> 0 | O70: =N70*E70 -> 0 | P70: =O70*F70 -> 0 | AW70: =SUM(R70:AV70) -> 0 | AY70: =Asghar!J70+shahzad!J70+Fahad!J70+Asif!J70+sumair!J70 -> 0 | AZ70: =Asghar!N70+shahzad!N70+Fahad!N70+Asif!N70+sumair!N70 -> 0 | BA70: =Asghar!R70+shahzad!R70+Fahad!R70+Asif!R70+sumair!R70 -> 0 | BB70: =Asghar!V70+shahzad!V70+Fahad!V70+Asif!V70+sumair!V70 -> 0 | BC70: =Asghar!Z70+shahzad!Z70+Fahad!Z70+Asif!Z70+sumair!Z70 -> 0 | BD70: =Asghar!AD70+shahzad!AD70+Fahad!AD70+Asif!AD70+sumair!AD70 -> 0 | BE70: =Asghar!AH70+shahzad!AH70+Fahad!AH70+Asif!AH70+sumair!AH70 -> 0 | BF70: =Asghar!AL70+shahzad!AL70+Fahad!AL70+Asif!AL70+sumair!AL70 -> 0 | BG70: =Asghar!AP70+shahzad!AP70+Fahad!AP70+Asif!AP70+sumair!AP70 -> 0 | BH70: =Asghar!AT70+shahzad!AT70+Fahad!AT70+Asif!AT70+sumair!AT70 -> 0 | BI70: =Asghar!AX70+shahzad!AX70+Fahad!AX70+Asif!AX70+sumair!AX70 -> 0 | BJ70: =Asghar!BB70+shahzad!BB70+Fahad!BB70+Asif!BB70+sumair!BB70 -> 0 | BK70: =Asghar!BF70+shahzad!BF70+Fahad!BF70+Asif!BF70+sumair!BF70 -> 0 | BL70: =Asghar!BJ70+shahzad!BJ70+Fahad!BJ70+Asif!BJ70+sumair!BJ70 -> 0 | BM70: =Asghar!BN70+shahzad!BN70+Fahad!BN70+Asif!BN70+sumair!BN70 -> 0 | BN70: =Asghar!BR70+shahzad!BR70+Fahad!BR70+Asif!BR70+sumair!BR70 -> 0 | BO70: =Asghar!BV70+shahzad!BV70+Fahad!BV70+Asif!BV70+sumair!BV70 -> 0 | BP70: =Asghar!BZ70+shahzad!BZ70+Fahad!BZ70+Asif!BZ70+sumair!BZ70 -> 0 | BQ70: =Asghar!CD70+shahzad!CD70+Fahad!CD70+Asif!CD70+sumair!CD70 -> 0 | BR70: =Asghar!CH70+shahzad!CH70+Fahad!CH70+Asif!CH70+sumair!CH70 -> 0 | BS70: =Asghar!CL70+shahzad!CL70+Fahad!CL70+Asif!CL70+sumair!CL70 -> 0 | BT70: =Asghar!CP70+shahzad!CP70+Fahad!CP70+Asif!CP70+sumair!CP70 -> 0 | BU70: =Asghar!CT70+shahzad!CT70+Fahad!CT70+Asif!CT70+sumair!CT70 -> 0 | BV70: =Asghar!CX70+shahzad!CX70+Fahad!CX70+Asif!CX70+sumair!CX70 -> 0 | BW70: =Asghar!DB70+shahzad!DB70+Fahad!DB70+Asif!DB70+sumair!DB70 -> 0 | BX70: =Asghar!DF70+shahzad!DF70+Fahad!DF70+Asif!DF70+sumair!DF70 -> 0 | BY70: =Asghar!DJ70+shahzad!DJ70+Fahad!DJ70+Asif!DJ70+sumair!DJ70 -> 0 | BZ70: =Asghar!DN70+shahzad!DN70+Fahad!DN70+Asif!DN70+sumair!DN70 -> 0 | CA70: =Asghar!DR70+shahzad!DR70+Fahad!DR70+Asif!DR70+sumair!DR70 -> 0 | CB70: =Asghar!DV70+shahzad!DV70+Fahad!DV70+Asif!DV70+sumair!DV70 -> 0 | CC70: =Asghar!DZ70+shahzad!DZ70+Fahad!DZ70+Asif!DZ70+sumair!DZ70 -> 0 | CD70: =SUM(AY70:CC70) -> 0 | CF70: =N70 -> 0 | CG70: =AW70 -> 0 | CH70: =CG70+CF70 -> 0 | CI70: =CD70 -> 0 | CJ70: =CH70-CI70 -> 0
B71: 111203 | C71: Punch Candy - CP - Rs. 5- (50x18) - Jar | D71: 50 | E71: 18 | F71: 198.24524 | H71: 25 | I71: 3 | L71: =I71/E71 -> 0.16666667 | M71: =I71/E71 -> 0.16666667 | N71: =M71+H71 -> 25.166667 | O71: =N71*E71 -> 453 | P71: =O71*F71 -> 89805.095 | AW71: =SUM(R71:AV71) -> 0 | AY71: =Asghar!J71+shahzad!J71+Fahad!J71+Asif!J71+sumair!J71 -> 0 | AZ71: =Asghar!N71+shahzad!N71+Fahad!N71+Asif!N71+sumair!N71 -> 0 | BA71: =Asghar!R71+shahzad!R71+Fahad!R71+Asif!R71+sumair!R71 -> 0 | BB71: =Asghar!V71+shahzad!V71+Fahad!V71+Asif!V71+sumair!V71 -> 0 | BC71: =Asghar!Z71+shahzad!Z71+Fahad!Z71+Asif!Z71+sumair!Z71 -> 0 | BD71: =Asghar!AD71+shahzad!AD71+Fahad!AD71+Asif!AD71+sumair!AD71 -> 0 | BE71: =Asghar!AH71+shahzad!AH71+Fahad!AH71+Asif!AH71+sumair!AH71 -> 0 | BF71: =Asghar!AL71+shahzad!AL71+Fahad!AL71+Asif!AL71+sumair!AL71 -> 0 | BG71: =Asghar!AP71+shahzad!AP71+Fahad!AP71+Asif!AP71+sumair!AP71 -> 0 | BH71: =Asghar!AT71+shahzad!AT71+Fahad!AT71+Asif!AT71+sumair!AT71 -> 0 | BI71: =Asghar!AX71+shahzad!AX71+Fahad!AX71+Asif!AX71+sumair!AX71 -> 0 | BJ71: =Asghar!BB71+shahzad!BB71+Fahad!BB71+Asif!BB71+sumair!BB71 -> 0 | BK71: =Asghar!BF71+shahzad!BF71+Fahad!BF71+Asif!BF71+sumair!BF71 -> 0 | BL71: =Asghar!BJ71+shahzad!BJ71+Fahad!BJ71+Asif!BJ71+sumair!BJ71 -> 0 | BM71: =Asghar!BN71+shahzad!BN71+Fahad!BN71+Asif!BN71+sumair!BN71 -> 0 | BN71: =Asghar!BR71+shahzad!BR71+Fahad!BR71+Asif!BR71+sumair!BR71 -> 0 | BO71: =Asghar!BV71+shahzad!BV71+Fahad!BV71+Asif!BV71+sumair!BV71 -> 0 | BP71: =Asghar!BZ71+shahzad!BZ71+Fahad!BZ71+Asif!BZ71+sumair!BZ71 -> 0 | BQ71: =Asghar!CD71+shahzad!CD71+Fahad!CD71+Asif!CD71+sumair!CD71 -> 0 | BR71: =Asghar!CH71+shahzad!CH71+Fahad!CH71+Asif!CH71+sumair!CH71 -> 0 | BS71: =Asghar!CL71+shahzad!CL71+Fahad!CL71+Asif!CL71+sumair!CL71 -> 0 | BT71: =Asghar!CP71+shahzad!CP71+Fahad!CP71+Asif!CP71+sumair!CP71 -> 0 | BU71: =Asghar!CT71+shahzad!CT71+Fahad!CT71+Asif!CT71+sumair!CT71 -> 0 | BV71: =Asghar!CX71+shahzad!CX71+Fahad!CX71+Asif!CX71+sumair!CX71 -> 0 | BW71: =Asghar!DB71+shahzad!DB71+Fahad!DB71+Asif!DB71+sumair!DB71 -> 0 | BX71: =Asghar!DF71+shahzad!DF71+Fahad!DF71+Asif!DF71+sumair!DF71 -> 0 | BY71: =Asghar!DJ71+shahzad!DJ71+Fahad!DJ71+Asif!DJ71+sumair!DJ71 -> 0 | BZ71: =Asghar!DN71+shahzad!DN71+Fahad!DN71+Asif!DN71+sumair!DN71 -> 0 | CA71: =Asghar!DR71+shahzad!DR71+Fahad!DR71+Asif!DR71+sumair!DR71 -> 0 | CB71: =Asghar!DV71+shahzad!DV71+Fahad!DV71+Asif!DV71+sumair!DV71 -> 0 | CC71: =Asghar!DZ71+shahzad!DZ71+Fahad!DZ71+Asif!DZ71+sumair!DZ71 -> 0 | CD71: =SUM(AY71:CC71) -> 0 | CF71: =N71 -> 25.166667 | CG71: =AW71 -> 0 | CH71: =CG71+CF71 -> 25.166667 | CI71: =CD71 -> 0 | CJ71: =CH71-CI71 -> 25.166667
B72: 111212 | C72: Butter scotch candy-Rs 5-25x36 bag | D72: 25 | E72: 36 | F72: 99.122622 | L72: =I72/E72 -> 0 | M72: =I72/E72 -> 0 | N72: =M72+H72 -> 0 | O72: =N72*E72 -> 0 | P72: =O72*F72 -> 0 | AW72: =SUM(R72:AV72) -> 0 | AY72: =Asghar!J72+shahzad!J72+Fahad!J72+Asif!J72+sumair!J72 -> 0 | AZ72: =Asghar!N72+shahzad!N72+Fahad!N72+Asif!N72+sumair!N72 -> 0 | BA72: =Asghar!R72+shahzad!R72+Fahad!R72+Asif!R72+sumair!R72 -> 0 | BB72: =Asghar!V72+shahzad!V72+Fahad!V72+Asif!V72+sumair!V72 -> 0 | BC72: =Asghar!Z72+shahzad!Z72+Fahad!Z72+Asif!Z72+sumair!Z72 -> 0 | BD72: =Asghar!AD72+shahzad!AD72+Fahad!AD72+Asif!AD72+sumair!AD72 -> 0 | BE72: =Asghar!AH72+shahzad!AH72+Fahad!AH72+Asif!AH72+sumair!AH72 -> 0 | BF72: =Asghar!AL72+shahzad!AL72+Fahad!AL72+Asif!AL72+sumair!AL72 -> 0 | BG72: =Asghar!AP72+shahzad!AP72+Fahad!AP72+Asif!AP72+sumair!AP72 -> 0 | BH72: =Asghar!AT72+shahzad!AT72+Fahad!AT72+Asif!AT72+sumair!AT72 -> 0 | BI72: =Asghar!AX72+shahzad!AX72+Fahad!AX72+Asif!AX72+sumair!AX72 -> 0 | BJ72: =Asghar!BB72+shahzad!BB72+Fahad!BB72+Asif!BB72+sumair!BB72 -> 0 | BK72: =Asghar!BF72+shahzad!BF72+Fahad!BF72+Asif!BF72+sumair!BF72 -> 0 | BL72: =Asghar!BJ72+shahzad!BJ72+Fahad!BJ72+Asif!BJ72+sumair!BJ72 -> 0 | BM72: =Asghar!BN72+shahzad!BN72+Fahad!BN72+Asif!BN72+sumair!BN72 -> 0 | BN72: =Asghar!BR72+shahzad!BR72+Fahad!BR72+Asif!BR72+sumair!BR72 -> 0 | BO72: =Asghar!BV72+shahzad!BV72+Fahad!BV72+Asif!BV72+sumair!BV72 -> 0 | BP72: =Asghar!BZ72+shahzad!BZ72+Fahad!BZ72+Asif!BZ72+sumair!BZ72 -> 0 | BQ72: =Asghar!CD72+shahzad!CD72+Fahad!CD72+Asif!CD72+sumair!CD72 -> 0 | BR72: =Asghar!CH72+shahzad!CH72+Fahad!CH72+Asif!CH72+sumair!CH72 -> 0 | BS72: =Asghar!CL72+shahzad!CL72+Fahad!CL72+Asif!CL72+sumair!CL72 -> 0 | BT72: =Asghar!CP72+shahzad!CP72+Fahad!CP72+Asif!CP72+sumair!CP72 -> 0 | BU72: =Asghar!CT72+shahzad!CT72+Fahad!CT72+Asif!CT72+sumair!CT72 -> 0 | BV72: =Asghar!CX72+shahzad!CX72+Fahad!CX72+Asif!CX72+sumair!CX72 -> 0 | BW72: =Asghar!DB72+shahzad!DB72+Fahad!DB72+Asif!DB72+sumair!DB72 -> 0 | BX72: =Asghar!DF72+shahzad!DF72+Fahad!DF72+Asif!DF72+sumair!DF72 -> 0 | BY72: =Asghar!DJ72+shahzad!DJ72+Fahad!DJ72+Asif!DJ72+sumair!DJ72 -> 0 | BZ72: =Asghar!DN72+shahzad!DN72+Fahad!DN72+Asif!DN72+sumair!DN72 -> 0 | CA72: =Asghar!DR72+shahzad!DR72+Fahad!DR72+Asif!DR72+sumair!DR72 -> 0 | CB72: =Asghar!DV72+shahzad!DV72+Fahad!DV72+Asif!DV72+sumair!DV72 -> 0 | CC72: =Asghar!DZ72+shahzad!DZ72+Fahad!DZ72+Asif!DZ72+sumair!DZ72 -> 0 | CD72: =SUM(AY72:CC72) -> 0 | CF72: =N72 -> 0 | CG72: =AW72 -> 0 | CH72: =CG72+CF72 -> 0 | CI72: =CD72 -> 0 | CJ72: =CH72-CI72 -> 0
B73: 111213 | C73: Butter Scotch - CP - Rs.5 - (50x18) -Jar | D73: 50 | E73: 18 | F73: 198.24524 | H73: =56+91 -> 147 | I73: 7 | L73: =I73/E73 -> 0.38888889 | M73: =I73/E73 -> 0.38888889 | N73: =M73+H73 -> 147.38889 | O73: =N73*E73 -> 2653 | P73: =O73*F73 -> 525944.63 | AW73: =SUM(R73:AV73) -> 0 | AY73: =Asghar!J73+shahzad!J73+Fahad!J73+Asif!J73+sumair!J73 -> 0 | AZ73: =Asghar!N73+shahzad!N73+Fahad!N73+Asif!N73+sumair!N73 -> 0 | BA73: =Asghar!R73+shahzad!R73+Fahad!R73+Asif!R73+sumair!R73 -> 0 | BB73: =Asghar!V73+shahzad!V73+Fahad!V73+Asif!V73+sumair!V73 -> 0 | BC73: =Asghar!Z73+shahzad!Z73+Fahad!Z73+Asif!Z73+sumair!Z73 -> 0 | BD73: =Asghar!AD73+shahzad!AD73+Fahad!AD73+Asif!AD73+sumair!AD73 -> 0 | BE73: =Asghar!AH73+shahzad!AH73+Fahad!AH73+Asif!AH73+sumair!AH73 -> 0 | BF73: =Asghar!AL73+shahzad!AL73+Fahad!AL73+Asif!AL73+sumair!AL73 -> 0 | BG73: =Asghar!AP73+shahzad!AP73+Fahad!AP73+Asif!AP73+sumair!AP73 -> 0 | BH73: =Asghar!AT73+shahzad!AT73+Fahad!AT73+Asif!AT73+sumair!AT73 -> 0 | BI73: =Asghar!AX73+shahzad!AX73+Fahad!AX73+Asif!AX73+sumair!AX73 -> 0 | BJ73: =Asghar!BB73+shahzad!BB73+Fahad!BB73+Asif!BB73+sumair!BB73 -> 0 | BK73: =Asghar!BF73+shahzad!BF73+Fahad!BF73+Asif!BF73+sumair!BF73 -> 0 | BL73: =Asghar!BJ73+shahzad!BJ73+Fahad!BJ73+Asif!BJ73+sumair!BJ73 -> 0 | BM73: =Asghar!BN73+shahzad!BN73+Fahad!BN73+Asif!BN73+sumair!BN73 -> 0 | BN73: =Asghar!BR73+shahzad!BR73+Fahad!BR73+Asif!BR73+sumair!BR73 -> 0 | BO73: =Asghar!BV73+shahzad!BV73+Fahad!BV73+Asif!BV73+sumair!BV73 -> 0 | BP73: =Asghar!BZ73+shahzad!BZ73+Fahad!BZ73+Asif!BZ73+sumair!BZ73 -> 0 | BQ73: =Asghar!CD73+shahzad!CD73+Fahad!CD73+Asif!CD73+sumair!CD73 -> 0 | BR73: =Asghar!CH73+shahzad!CH73+Fahad!CH73+Asif!CH73+sumair!CH73 -> 0 | BS73: =Asghar!CL73+shahzad!CL73+Fahad!CL73+Asif!CL73+sumair!CL73 -> 0 | BT73: =Asghar!CP73+shahzad!CP73+Fahad!CP73+Asif!CP73+sumair!CP73 -> 0 | BU73: =Asghar!CT73+shahzad!CT73+Fahad!CT73+Asif!CT73+sumair!CT73 -> 0 | BV73: =Asghar!CX73+shahzad!CX73+Fahad!CX73+Asif!CX73+sumair!CX73 -> 0 | BW73: =Asghar!DB73+shahzad!DB73+Fahad!DB73+Asif!DB73+sumair!DB73 -> 0 | BX73: =Asghar!DF73+shahzad!DF73+Fahad!DF73+Asif!DF73+sumair!DF73 -> 0 | BY73: =Asghar!DJ73+shahzad!DJ73+Fahad!DJ73+Asif!DJ73+sumair!DJ73 -> 0 | BZ73: =Asghar!DN73+shahzad!DN73+Fahad!DN73+Asif!DN73+sumair!DN73 -> 0 | CA73: =Asghar!DR73+shahzad!DR73+Fahad!DR73+Asif!DR73+sumair!DR73 -> 0 | CB73: =Asghar!DV73+shahzad!DV73+Fahad!DV73+Asif!DV73+sumair!DV73 -> 0 | CC73: =Asghar!DZ73+shahzad!DZ73+Fahad!DZ73+Asif!DZ73+sumair!DZ73 -> 0 | CD73: =SUM(AY73:CC73) -> 0 | CF73: =N73 -> 147.38889 | CG73: =AW73 -> 0 | CH73: =CG73+CF73 -> 147.38889 | CI73: =CD73 -> 0 | CJ73: =CH73-CI73 -> 147.38889
B74: 111222 | C74: Cola candy-Rs 5-(25x36)- bag | D74: 25 | E74: 36 | F74: 99.122622 | L74: =I74/E74 -> 0 | M74: =I74/E74 -> 0 | N74: =M74+H74 -> 0 | O74: =N74*E74 -> 0 | P74: =O74*F74 -> 0 | AW74: =SUM(R74:AV74) -> 0 | AY74: =Asghar!J74+shahzad!J74+Fahad!J74+Asif!J74+sumair!J74 -> 0 | AZ74: =Asghar!N74+shahzad!N74+Fahad!N74+Asif!N74+sumair!N74 -> 0 | BA74: =Asghar!R74+shahzad!R74+Fahad!R74+Asif!R74+sumair!R74 -> 0 | BB74: =Asghar!V74+shahzad!V74+Fahad!V74+Asif!V74+sumair!V74 -> 0 | BC74: =Asghar!Z74+shahzad!Z74+Fahad!Z74+Asif!Z74+sumair!Z74 -> 0 | BD74: =Asghar!AD74+shahzad!AD74+Fahad!AD74+Asif!AD74+sumair!AD74 -> 0 | BE74: =Asghar!AH74+shahzad!AH74+Fahad!AH74+Asif!AH74+sumair!AH74 -> 0 | BF74: =Asghar!AL74+shahzad!AL74+Fahad!AL74+Asif!AL74+sumair!AL74 -> 0 | BG74: =Asghar!AP74+shahzad!AP74+Fahad!AP74+Asif!AP74+sumair!AP74 -> 0 | BH74: =Asghar!AT74+shahzad!AT74+Fahad!AT74+Asif!AT74+sumair!AT74 -> 0 | BI74: =Asghar!AX74+shahzad!AX74+Fahad!AX74+Asif!AX74+sumair!AX74 -> 0 | BJ74: =Asghar!BB74+shahzad!BB74+Fahad!BB74+Asif!BB74+sumair!BB74 -> 0 | BK74: =Asghar!BF74+shahzad!BF74+Fahad!BF74+Asif!BF74+sumair!BF74 -> 0 | BL74: =Asghar!BJ74+shahzad!BJ74+Fahad!BJ74+Asif!BJ74+sumair!BJ74 -> 0 | BM74: =Asghar!BN74+shahzad!BN74+Fahad!BN74+Asif!BN74+sumair!BN74 -> 0 | BN74: =Asghar!BR74+shahzad!BR74+Fahad!BR74+Asif!BR74+sumair!BR74 -> 0 | BO74: =Asghar!BV74+shahzad!BV74+Fahad!BV74+Asif!BV74+sumair!BV74 -> 0 | BP74: =Asghar!BZ74+shahzad!BZ74+Fahad!BZ74+Asif!BZ74+sumair!BZ74 -> 0 | BQ74: =Asghar!CD74+shahzad!CD74+Fahad!CD74+Asif!CD74+sumair!CD74 -> 0 | BR74: =Asghar!CH74+shahzad!CH74+Fahad!CH74+Asif!CH74+sumair!CH74 -> 0 | BS74: =Asghar!CL74+shahzad!CL74+Fahad!CL74+Asif!CL74+sumair!CL74 -> 0 | BT74: =Asghar!CP74+shahzad!CP74+Fahad!CP74+Asif!CP74+sumair!CP74 -> 0 | BU74: =Asghar!CT74+shahzad!CT74+Fahad!CT74+Asif!CT74+sumair!CT74 -> 0 | BV74: =Asghar!CX74+shahzad!CX74+Fahad!CX74+Asif!CX74+sumair!CX74 -> 0 | BW74: =Asghar!DB74+shahzad!DB74+Fahad!DB74+Asif!DB74+sumair!DB74 -> 0 | BX74: =Asghar!DF74+shahzad!DF74+Fahad!DF74+Asif!DF74+sumair!DF74 -> 0 | BY74: =Asghar!DJ74+shahzad!DJ74+Fahad!DJ74+Asif!DJ74+sumair!DJ74 -> 0 | BZ74: =Asghar!DN74+shahzad!DN74+Fahad!DN74+Asif!DN74+sumair!DN74 -> 0 | CA74: =Asghar!DR74+shahzad!DR74+Fahad!DR74+Asif!DR74+sumair!DR74 -> 0 | CB74: =Asghar!DV74+shahzad!DV74+Fahad!DV74+Asif!DV74+sumair!DV74 -> 0 | CC74: =Asghar!DZ74+shahzad!DZ74+Fahad!DZ74+Asif!DZ74+sumair!DZ74 -> 0 | CD74: =SUM(AY74:CC74) -> 0 | CF74: =N74 -> 0 | CG74: =AW74 -> 0 | CH74: =CG74+CF74 -> 0 | CI74: =CD74 -> 0 | CJ74: =CH74-CI74 -> 0
B75: 111223 | C75: Cola Candy - CP - Rs. 5 - (50x18) - Jar | D75: 50 | E75: 18 | F75: 198.24524 | H75: 32 | I75: 1 | L75: =I75/E75 -> 0.055555556 | M75: =I75/E75 -> 0.055555556 | N75: =M75+H75 -> 32.055556 | O75: =N75*E75 -> 577 | P75: =O75*F75 -> 114387.51 | AW75: =SUM(R75:AV75) -> 0 | AY75: =Asghar!J75+shahzad!J75+Fahad!J75+Asif!J75+sumair!J75 -> 0 | AZ75: =Asghar!N75+shahzad!N75+Fahad!N75+Asif!N75+sumair!N75 -> 0 | BA75: =Asghar!R75+shahzad!R75+Fahad!R75+Asif!R75+sumair!R75 -> 0 | BB75: =Asghar!V75+shahzad!V75+Fahad!V75+Asif!V75+sumair!V75 -> 0 | BC75: =Asghar!Z75+shahzad!Z75+Fahad!Z75+Asif!Z75+sumair!Z75 -> 0 | BD75: =Asghar!AD75+shahzad!AD75+Fahad!AD75+Asif!AD75+sumair!AD75 -> 0 | BE75: =Asghar!AH75+shahzad!AH75+Fahad!AH75+Asif!AH75+sumair!AH75 -> 0 | BF75: =Asghar!AL75+shahzad!AL75+Fahad!AL75+Asif!AL75+sumair!AL75 -> 0 | BG75: =Asghar!AP75+shahzad!AP75+Fahad!AP75+Asif!AP75+sumair!AP75 -> 0 | BH75: =Asghar!AT75+shahzad!AT75+Fahad!AT75+Asif!AT75+sumair!AT75 -> 0 | BI75: =Asghar!AX75+shahzad!AX75+Fahad!AX75+Asif!AX75+sumair!AX75 -> 0 | BJ75: =Asghar!BB75+shahzad!BB75+Fahad!BB75+Asif!BB75+sumair!BB75 -> 0 | BK75: =Asghar!BF75+shahzad!BF75+Fahad!BF75+Asif!BF75+sumair!BF75 -> 0 | BL75: =Asghar!BJ75+shahzad!BJ75+Fahad!BJ75+Asif!BJ75+sumair!BJ75 -> 0 | BM75: =Asghar!BN75+shahzad!BN75+Fahad!BN75+Asif!BN75+sumair!BN75 -> 0 | BN75: =Asghar!BR75+shahzad!BR75+Fahad!BR75+Asif!BR75+sumair!BR75 -> 0 | BO75: =Asghar!BV75+shahzad!BV75+Fahad!BV75+Asif!BV75+sumair!BV75 -> 0 | BP75: =Asghar!BZ75+shahzad!BZ75+Fahad!BZ75+Asif!BZ75+sumair!BZ75 -> 0 | BQ75: =Asghar!CD75+shahzad!CD75+Fahad!CD75+Asif!CD75+sumair!CD75 -> 0 | BR75: =Asghar!CH75+shahzad!CH75+Fahad!CH75+Asif!CH75+sumair!CH75 -> 0 | BS75: =Asghar!CL75+shahzad!CL75+Fahad!CL75+Asif!CL75+sumair!CL75 -> 0 | BT75: =Asghar!CP75+shahzad!CP75+Fahad!CP75+Asif!CP75+sumair!CP75 -> 0 | BU75: =Asghar!CT75+shahzad!CT75+Fahad!CT75+Asif!CT75+sumair!CT75 -> 0 | BV75: =Asghar!CX75+shahzad!CX75+Fahad!CX75+Asif!CX75+sumair!CX75 -> 0 | BW75: =Asghar!DB75+shahzad!DB75+Fahad!DB75+Asif!DB75+sumair!DB75 -> 0 | BX75: =Asghar!DF75+shahzad!DF75+Fahad!DF75+Asif!DF75+sumair!DF75 -> 0 | BY75: =Asghar!DJ75+shahzad!DJ75+Fahad!DJ75+Asif!DJ75+sumair!DJ75 -> 0 | BZ75: =Asghar!DN75+shahzad!DN75+Fahad!DN75+Asif!DN75+sumair!DN75 -> 0 | CA75: =Asghar!DR75+shahzad!DR75+Fahad!DR75+Asif!DR75+sumair!DR75 -> 0 | CB75: =Asghar!DV75+shahzad!DV75+Fahad!DV75+Asif!DV75+sumair!DV75 -> 0 | CC75: =Asghar!DZ75+shahzad!DZ75+Fahad!DZ75+Asif!DZ75+sumair!DZ75 -> 0 | CD75: =SUM(AY75:CC75) -> 0 | CF75: =N75 -> 32.055556 | CG75: =AW75 -> 0 | CH75: =CG75+CF75 -> 32.055556 | CI75: =CD75 -> 0 | CJ75: =CH75-CI75 -> 32.055556
B76: 111232 | C76: Fanty candy-Rs 5-(25x36)-bag | D76: 25 | E76: 36 | F76: 99.122622 | L76: =I76/E76 -> 0 | M76: =I76/E76 -> 0 | N76: =M76+H76 -> 0 | O76: =N76*E76 -> 0 | P76: =O76*F76 -> 0 | AW76: =SUM(R76:AV76) -> 0 | AY76: =Asghar!J76+shahzad!J76+Fahad!J76+Asif!J76+sumair!J76 -> 0 | AZ76: =Asghar!N76+shahzad!N76+Fahad!N76+Asif!N76+sumair!N76 -> 0 | BA76: =Asghar!R76+shahzad!R76+Fahad!R76+Asif!R76+sumair!R76 -> 0 | BB76: =Asghar!V76+shahzad!V76+Fahad!V76+Asif!V76+sumair!V76 -> 0 | BC76: =Asghar!Z76+shahzad!Z76+Fahad!Z76+Asif!Z76+sumair!Z76 -> 0 | BD76: =Asghar!AD76+shahzad!AD76+Fahad!AD76+Asif!AD76+sumair!AD76 -> 0 | BE76: =Asghar!AH76+shahzad!AH76+Fahad!AH76+Asif!AH76+sumair!AH76 -> 0 | BF76: =Asghar!AL76+shahzad!AL76+Fahad!AL76+Asif!AL76+sumair!AL76 -> 0 | BG76: =Asghar!AP76+shahzad!AP76+Fahad!AP76+Asif!AP76+sumair!AP76 -> 0 | BH76: =Asghar!AT76+shahzad!AT76+Fahad!AT76+Asif!AT76+sumair!AT76 -> 0 | BI76: =Asghar!AX76+shahzad!AX76+Fahad!AX76+Asif!AX76+sumair!AX76 -> 0 | BJ76: =Asghar!BB76+shahzad!BB76+Fahad!BB76+Asif!BB76+sumair!BB76 -> 0 | BK76: =Asghar!BF76+shahzad!BF76+Fahad!BF76+Asif!BF76+sumair!BF76 -> 0 | BL76: =Asghar!BJ76+shahzad!BJ76+Fahad!BJ76+Asif!BJ76+sumair!BJ76 -> 0 | BM76: =Asghar!BN76+shahzad!BN76+Fahad!BN76+Asif!BN76+sumair!BN76 -> 0 | BN76: =Asghar!BR76+shahzad!BR76+Fahad!BR76+Asif!BR76+sumair!BR76 -> 0 | BO76: =Asghar!BV76+shahzad!BV76+Fahad!BV76+Asif!BV76+sumair!BV76 -> 0 | BP76: =Asghar!BZ76+shahzad!BZ76+Fahad!BZ76+Asif!BZ76+sumair!BZ76 -> 0 | BQ76: =Asghar!CD76+shahzad!CD76+Fahad!CD76+Asif!CD76+sumair!CD76 -> 0 | BR76: =Asghar!CH76+shahzad!CH76+Fahad!CH76+Asif!CH76+sumair!CH76 -> 0 | BS76: =Asghar!CL76+shahzad!CL76+Fahad!CL76+Asif!CL76+sumair!CL76 -> 0 | BT76: =Asghar!CP76+shahzad!CP76+Fahad!CP76+Asif!CP76+sumair!CP76 -> 0 | BU76: =Asghar!CT76+shahzad!CT76+Fahad!CT76+Asif!CT76+sumair!CT76 -> 0 | BV76: =Asghar!CX76+shahzad!CX76+Fahad!CX76+Asif!CX76+sumair!CX76 -> 0 | BW76: =Asghar!DB76+shahzad!DB76+Fahad!DB76+Asif!DB76+sumair!DB76 -> 0 | BX76: =Asghar!DF76+shahzad!DF76+Fahad!DF76+Asif!DF76+sumair!DF76 -> 0 | BY76: =Asghar!DJ76+shahzad!DJ76+Fahad!DJ76+Asif!DJ76+sumair!DJ76 -> 0 | BZ76: =Asghar!DN76+shahzad!DN76+Fahad!DN76+Asif!DN76+sumair!DN76 -> 0 | CA76: =Asghar!DR76+shahzad!DR76+Fahad!DR76+Asif!DR76+sumair!DR76 -> 0 | CB76: =Asghar!DV76+shahzad!DV76+Fahad!DV76+Asif!DV76+sumair!DV76 -> 0 | CC76: =Asghar!DZ76+shahzad!DZ76+Fahad!DZ76+Asif!DZ76+sumair!DZ76 -> 0 | CD76: =SUM(AY76:CC76) -> 0 | CF76: =N76 -> 0 | CG76: =AW76 -> 0 | CH76: =CG76+CF76 -> 0 | CI76: =CD76 -> 0 | CJ76: =CH76-CI76 -> 0
B77: 111233 | C77: Fanty - CP - Rs. 5 - (50x18) - Jar | D77: 50 | E77: 18 | F77: 198.24524 | H77: =28+29 -> 57 | I77: 5 | L77: =I77/E77 -> 0.27777778 | M77: =I77/E77 -> 0.27777778 | N77: =M77+H77 -> 57.277778 | O77: =N77*E77 -> 1031 | P77: =O77*F77 -> 204390.85 | AW77: =SUM(R77:AV77) -> 0 | AY77: =Asghar!J77+shahzad!J77+Fahad!J77+Asif!J77+sumair!J77 -> 0 | AZ77: =Asghar!N77+shahzad!N77+Fahad!N77+Asif!N77+sumair!N77 -> 0 | BA77: =Asghar!R77+shahzad!R77+Fahad!R77+Asif!R77+sumair!R77 -> 0 | BB77: =Asghar!V77+shahzad!V77+Fahad!V77+Asif!V77+sumair!V77 -> 0 | BC77: =Asghar!Z77+shahzad!Z77+Fahad!Z77+Asif!Z77+sumair!Z77 -> 0 | BD77: =Asghar!AD77+shahzad!AD77+Fahad!AD77+Asif!AD77+sumair!AD77 -> 0 | BE77: =Asghar!AH77+shahzad!AH77+Fahad!AH77+Asif!AH77+sumair!AH77 -> 0 | BF77: =Asghar!AL77+shahzad!AL77+Fahad!AL77+Asif!AL77+sumair!AL77 -> 0 | BG77: =Asghar!AP77+shahzad!AP77+Fahad!AP77+Asif!AP77+sumair!AP77 -> 0 | BH77: =Asghar!AT77+shahzad!AT77+Fahad!AT77+Asif!AT77+sumair!AT77 -> 0 | BI77: =Asghar!AX77+shahzad!AX77+Fahad!AX77+Asif!AX77+sumair!AX77 -> 0 | BJ77: =Asghar!BB77+shahzad!BB77+Fahad!BB77+Asif!BB77+sumair!BB77 -> 0 | BK77: =Asghar!BF77+shahzad!BF77+Fahad!BF77+Asif!BF77+sumair!BF77 -> 0 | BL77: =Asghar!BJ77+shahzad!BJ77+Fahad!BJ77+Asif!BJ77+sumair!BJ77 -> 0 | BM77: =Asghar!BN77+shahzad!BN77+Fahad!BN77+Asif!BN77+sumair!BN77 -> 0 | BN77: =Asghar!BR77+shahzad!BR77+Fahad!BR77+Asif!BR77+sumair!BR77 -> 0 | BO77: =Asghar!BV77+shahzad!BV77+Fahad!BV77+Asif!BV77+sumair!BV77 -> 0 | BP77: =Asghar!BZ77+shahzad!BZ77+Fahad!BZ77+Asif!BZ77+sumair!BZ77 -> 0 | BQ77: =Asghar!CD77+shahzad!CD77+Fahad!CD77+Asif!CD77+sumair!CD77 -> 0 | BR77: =Asghar!CH77+shahzad!CH77+Fahad!CH77+Asif!CH77+sumair!CH77 -> 0 | BS77: =Asghar!CL77+shahzad!CL77+Fahad!CL77+Asif!CL77+sumair!CL77 -> 0 | BT77: =Asghar!CP77+shahzad!CP77+Fahad!CP77+Asif!CP77+sumair!CP77 -> 0 | BU77: =Asghar!CT77+shahzad!CT77+Fahad!CT77+Asif!CT77+sumair!CT77 -> 0 | BV77: =Asghar!CX77+shahzad!CX77+Fahad!CX77+Asif!CX77+sumair!CX77 -> 0 | BW77: =Asghar!DB77+shahzad!DB77+Fahad!DB77+Asif!DB77+sumair!DB77 -> 0 | BX77: =Asghar!DF77+shahzad!DF77+Fahad!DF77+Asif!DF77+sumair!DF77 -> 0 | BY77: =Asghar!DJ77+shahzad!DJ77+Fahad!DJ77+Asif!DJ77+sumair!DJ77 -> 0 | BZ77: =Asghar!DN77+shahzad!DN77+Fahad!DN77+Asif!DN77+sumair!DN77 -> 0 | CA77: =Asghar!DR77+shahzad!DR77+Fahad!DR77+Asif!DR77+sumair!DR77 -> 0 | CB77: =Asghar!DV77+shahzad!DV77+Fahad!DV77+Asif!DV77+sumair!DV77 -> 0 | CC77: =Asghar!DZ77+shahzad!DZ77+Fahad!DZ77+Asif!DZ77+sumair!DZ77 -> 0 | CD77: =SUM(AY77:CC77) -> 0 | CF77: =N77 -> 57.277778 | CG77: =AW77 -> 0 | CH77: =CG77+CF77 -> 57.277778 | CI77: =CD77 -> 0 | CJ77: =CH77-CI77 -> 57.277778
B78: 111252 | C78: Flip black currant candy-Rs 5-(25x36)bag | D78: 25 | E78: 36 | F78: 99.122622 | H78: 9 | I78: 22 | L78: =I78/E78 -> 0.61111111 | M78: =I78/E78 -> 0.61111111 | N78: =M78+H78 -> 9.6111111 | O78: =N78*E78 -> 346 | P78: =O78*F78 -> 34296.427 | AW78: =SUM(R78:AV78) -> 0 | AY78: =Asghar!J78+shahzad!J78+Fahad!J78+Asif!J78+sumair!J78 -> 0 | AZ78: =Asghar!N78+shahzad!N78+Fahad!N78+Asif!N78+sumair!N78 -> 0 | BA78: =Asghar!R78+shahzad!R78+Fahad!R78+Asif!R78+sumair!R78 -> 0 | BB78: =Asghar!V78+shahzad!V78+Fahad!V78+Asif!V78+sumair!V78 -> 0 | BC78: =Asghar!Z78+shahzad!Z78+Fahad!Z78+Asif!Z78+sumair!Z78 -> 0 | BD78: =Asghar!AD78+shahzad!AD78+Fahad!AD78+Asif!AD78+sumair!AD78 -> 0 | BE78: =Asghar!AH78+shahzad!AH78+Fahad!AH78+Asif!AH78+sumair!AH78 -> 0 | BF78: =Asghar!AL78+shahzad!AL78+Fahad!AL78+Asif!AL78+sumair!AL78 -> 0 | BG78: =Asghar!AP78+shahzad!AP78+Fahad!AP78+Asif!AP78+sumair!AP78 -> 0 | BH78: =Asghar!AT78+shahzad!AT78+Fahad!AT78+Asif!AT78+sumair!AT78 -> 0 | BI78: =Asghar!AX78+shahzad!AX78+Fahad!AX78+Asif!AX78+sumair!AX78 -> 0 | BJ78: =Asghar!BB78+shahzad!BB78+Fahad!BB78+Asif!BB78+sumair!BB78 -> 0 | BK78: =Asghar!BF78+shahzad!BF78+Fahad!BF78+Asif!BF78+sumair!BF78 -> 0 | BL78: =Asghar!BJ78+shahzad!BJ78+Fahad!BJ78+Asif!BJ78+sumair!BJ78 -> 0 | BM78: =Asghar!BN78+shahzad!BN78+Fahad!BN78+Asif!BN78+sumair!BN78 -> 0 | BN78: =Asghar!BR78+shahzad!BR78+Fahad!BR78+Asif!BR78+sumair!BR78 -> 0 | BO78: =Asghar!BV78+shahzad!BV78+Fahad!BV78+Asif!BV78+sumair!BV78 -> 0 | BP78: =Asghar!BZ78+shahzad!BZ78+Fahad!BZ78+Asif!BZ78+sumair!BZ78 -> 0 | BQ78: =Asghar!CD78+shahzad!CD78+Fahad!CD78+Asif!CD78+sumair!CD78 -> 0 | BR78: =Asghar!CH78+shahzad!CH78+Fahad!CH78+Asif!CH78+sumair!CH78 -> 0 | BS78: =Asghar!CL78+shahzad!CL78+Fahad!CL78+Asif!CL78+sumair!CL78 -> 0 | BT78: =Asghar!CP78+shahzad!CP78+Fahad!CP78+Asif!CP78+sumair!CP78 -> 0 | BU78: =Asghar!CT78+shahzad!CT78+Fahad!CT78+Asif!CT78+sumair!CT78 -> 0 | BV78: =Asghar!CX78+shahzad!CX78+Fahad!CX78+Asif!CX78+sumair!CX78 -> 0 | BW78: =Asghar!DB78+shahzad!DB78+Fahad!DB78+Asif!DB78+sumair!DB78 -> 0 | BX78: =Asghar!DF78+shahzad!DF78+Fahad!DF78+Asif!DF78+sumair!DF78 -> 0 | BY78: =Asghar!DJ78+shahzad!DJ78+Fahad!DJ78+Asif!DJ78+sumair!DJ78 -> 0 | BZ78: =Asghar!DN78+shahzad!DN78+Fahad!DN78+Asif!DN78+sumair!DN78 -> 0 | CA78: =Asghar!DR78+shahzad!DR78+Fahad!DR78+Asif!DR78+sumair!DR78 -> 0 | CB78: =Asghar!DV78+shahzad!DV78+Fahad!DV78+Asif!DV78+sumair!DV78 -> 0 | CC78: =Asghar!DZ78+shahzad!DZ78+Fahad!DZ78+Asif!DZ78+sumair!DZ78 -> 0 | CD78: =SUM(AY78:CC78) -> 0 | CF78: =N78 -> 9.6111111 | CG78: =AW78 -> 0 | CH78: =CG78+CF78 -> 9.6111111 | CI78: =CD78 -> 0 | CJ78: =CH78-CI78 -> 9.6111111
B79: 111254 | C79: Flip - B/C - CP - Rs. 5 - (50x18) - Jar | D79: 50 | E79: 18 | F79: 198.24524 | L79: =I79/E79 -> 0 | M79: =I79/E79 -> 0 | N79: =M79+H79 -> 0 | O79: =N79*E79 -> 0 | P79: =O79*F79 -> 0 | AW79: =SUM(R79:AV79) -> 0 | AY79: =Asghar!J79+shahzad!J79+Fahad!J79+Asif!J79+sumair!J79 -> 0 | AZ79: =Asghar!N79+shahzad!N79+Fahad!N79+Asif!N79+sumair!N79 -> 0 | BA79: =Asghar!R79+shahzad!R79+Fahad!R79+Asif!R79+sumair!R79 -> 0 | BB79: =Asghar!V79+shahzad!V79+Fahad!V79+Asif!V79+sumair!V79 -> 0 | BC79: =Asghar!Z79+shahzad!Z79+Fahad!Z79+Asif!Z79+sumair!Z79 -> 0 | BD79: =Asghar!AD79+shahzad!AD79+Fahad!AD79+Asif!AD79+sumair!AD79 -> 0 | BE79: =Asghar!AH79+shahzad!AH79+Fahad!AH79+Asif!AH79+sumair!AH79 -> 0 | BF79: =Asghar!AL79+shahzad!AL79+Fahad!AL79+Asif!AL79+sumair!AL79 -> 0 | BG79: =Asghar!AP79+shahzad!AP79+Fahad!AP79+Asif!AP79+sumair!AP79 -> 0 | BH79: =Asghar!AT79+shahzad!AT79+Fahad!AT79+Asif!AT79+sumair!AT79 -> 0 | BI79: =Asghar!AX79+shahzad!AX79+Fahad!AX79+Asif!AX79+sumair!AX79 -> 0 | BJ79: =Asghar!BB79+shahzad!BB79+Fahad!BB79+Asif!BB79+sumair!BB79 -> 0 | BK79: =Asghar!BF79+shahzad!BF79+Fahad!BF79+Asif!BF79+sumair!BF79 -> 0 | BL79: =Asghar!BJ79+shahzad!BJ79+Fahad!BJ79+Asif!BJ79+sumair!BJ79 -> 0 | BM79: =Asghar!BN79+shahzad!BN79+Fahad!BN79+Asif!BN79+sumair!BN79 -> 0 | BN79: =Asghar!BR79+shahzad!BR79+Fahad!BR79+Asif!BR79+sumair!BR79 -> 0 | BO79: =Asghar!BV79+shahzad!BV79+Fahad!BV79+Asif!BV79+sumair!BV79 -> 0 | BP79: =Asghar!BZ79+shahzad!BZ79+Fahad!BZ79+Asif!BZ79+sumair!BZ79 -> 0 | BQ79: =Asghar!CD79+shahzad!CD79+Fahad!CD79+Asif!CD79+sumair!CD79 -> 0 | BR79: =Asghar!CH79+shahzad!CH79+Fahad!CH79+Asif!CH79+sumair!CH79 -> 0 | BS79: =Asghar!CL79+shahzad!CL79+Fahad!CL79+Asif!CL79+sumair!CL79 -> 0 | BT79: =Asghar!CP79+shahzad!CP79+Fahad!CP79+Asif!CP79+sumair!CP79 -> 0 | BU79: =Asghar!CT79+shahzad!CT79+Fahad!CT79+Asif!CT79+sumair!CT79 -> 0 | BV79: =Asghar!CX79+shahzad!CX79+Fahad!CX79+Asif!CX79+sumair!CX79 -> 0 | BW79: =Asghar!DB79+shahzad!DB79+Fahad!DB79+Asif!DB79+sumair!DB79 -> 0 | BX79: =Asghar!DF79+shahzad!DF79+Fahad!DF79+Asif!DF79+sumair!DF79 -> 0 | BY79: =Asghar!DJ79+shahzad!DJ79+Fahad!DJ79+Asif!DJ79+sumair!DJ79 -> 0 | BZ79: =Asghar!DN79+shahzad!DN79+Fahad!DN79+Asif!DN79+sumair!DN79 -> 0 | CA79: =Asghar!DR79+shahzad!DR79+Fahad!DR79+Asif!DR79+sumair!DR79 -> 0 | CB79: =Asghar!DV79+shahzad!DV79+Fahad!DV79+Asif!DV79+sumair!DV79 -> 0 | CC79: =Asghar!DZ79+shahzad!DZ79+Fahad!DZ79+Asif!DZ79+sumair!DZ79 -> 0 | CD79: =SUM(AY79:CC79) -> 0 | CF79: =N79 -> 0 | CG79: =AW79 -> 0 | CH79: =CG79+CF79 -> 0 | CI79: =CD79 -> 0 | CJ79: =CH79-CI79 -> 0
